CVE,Severity,CVSS_Score,CVSS_Version,Dependency,Description
CVE-2021-21345,CRITICAL,9.9,v3,mxparser-1.2.2.jar,"XStream is a Java library to serialize objects to XML and back again. In XStream before version 1.4.16, there is a vulnerability which may allow a remote attacker who has sufficient rights to execute ..."
CVE-2025-48913,CRITICAL,9.8,v3,cxf-core-3.6.7.jar,"If untrusted users are allowed to configure JMS for Apache CXF, previously they could use RMI or LDAP URLs, potentially leading to code execution capabilities.  This interface is now restricted to rej..."
CVE-2025-48913,CRITICAL,9.8,v3,cxf-services-ws-discovery-service-3.6.7.jar,"If untrusted users are allowed to configure JMS for Apache CXF, previously they could use RMI or LDAP URLs, potentially leading to code execution capabilities.  This interface is now restricted to rej..."
CVE-2022-1471,CRITICAL,9.8,v3,jruby-stdlib-9.3.8.0.jar: snakeyaml-1.31.jar,SnakeYaml's Constructor() class does not restrict types which can be instantiated during deserialization. Deserializing yaml content provided by an attacker can lead to remote code execution. We recom...
CVE-2024-52046,CRITICAL,9.8,v3,mina-core-2.2.3.jar,"The ObjectSerializationDecoder in Apache MINA uses Java’s native deserialization protocol to process
incoming serialized data but lacks the necessary security checks and defenses. This vulnerability a..."
CVE-2013-7285,CRITICAL,9.8,v3,mxparser-1.2.2.jar,"Xstream API versions up to 1.4.6 and version 1.4.10, if the security framework has not been initialized, may allow a remote attacker to run arbitrary shell commands by manipulating the processed input..."
CVE-2021-21344,CRITICAL,9.8,v3,mxparser-1.2.2.jar,"XStream is a Java library to serialize objects to XML and back again. In XStream before version 1.4.16, there is a vulnerability which may allow a remote attacker to load and execute arbitrary code fr..."
CVE-2021-21346,CRITICAL,9.8,v3,mxparser-1.2.2.jar,"XStream is a Java library to serialize objects to XML and back again. In XStream before version 1.4.16, there is a vulnerability which may allow a remote attacker to load and execute arbitrary code fr..."
CVE-2021-21347,CRITICAL,9.8,v3,mxparser-1.2.2.jar,"XStream is a Java library to serialize objects to XML and back again. In XStream before version 1.4.16, there is a vulnerability which may allow a remote attacker to load and execute arbitrary code fr..."
CVE-2021-21350,CRITICAL,9.8,v3,mxparser-1.2.2.jar,"XStream is a Java library to serialize objects to XML and back again. In XStream before version 1.4.16, there is a vulnerability which may allow a remote attacker to execute arbitrary code only by man..."
CVE-2023-39017,CRITICAL,9.8,v3,quartz-2.3.2.jar,quartz-jobs 2.3.2 and below was discovered to contain a code injection vulnerability in the component org.quartz.jobs.ee.jms.SendQueueMessageJob.execute. This vulnerability is exploited via passing an...
CVE-2019-19919,CRITICAL,9.8,v3,simple-2.29.27.jar: handlebars.js,"Versions of handlebars prior to 4.3.0 are vulnerable to Prototype Pollution leading to Remote Code Execution. Templates may alter an Object's __proto__ and __defineGetter__ properties, which may allow..."
CVE-2021-23369,CRITICAL,9.8,v3,simple-2.29.27.jar: handlebars.js,The package handlebars before 4.7.7 are vulnerable to Remote Code Execution (RCE) when selecting certain compiling options to compile templates coming from an untrusted source....
CVE-2021-23383,CRITICAL,9.8,v3,simple-2.29.27.jar: handlebars.js,The package handlebars before 4.7.7 are vulnerable to Prototype Pollution when selecting certain compiling options to compile templates coming from an untrusted source....
CVE-2022-39135,CRITICAL,9.8,v3,solr-distro-2.29.27-assembly.zip: avatica-core-1.25.0.jar,"Apache Calcite 1.22.0 introduced the SQL operators EXISTS_NODE, EXTRACT_XML, XML_TRANSFORM and EXTRACT_VALUE do not restrict XML External Entity references in their configuration, making them vulnerab..."
CVE-2022-26612,CRITICAL,9.8,v3,solr-distro-2.29.27-assembly.zip: hadoop-client-runtime-3.4.0.jar (shaded: org.apache.hadoop.thirdparty:hadoop-shaded-protobuf_3_21:1.2.0),"In Apache Hadoop, The unTar function uses unTarUsingJava function on Windows and the built-in tar utility on Unix and other OSes. As a result, a TAR entry may create a symlink under the expected extra..."
CVE-2022-26612,CRITICAL,9.8,v3,solr-distro-2.29.27-assembly.zip: hadoop-client-runtime-3.4.0.jar,"In Apache Hadoop, The unTar function uses unTarUsingJava function on Windows and the built-in tar utility on Unix and other OSes. As a result, a TAR entry may create a symlink under the expected extra..."
CVE-2021-21342,CRITICAL,9.1,v3,mxparser-1.2.2.jar,"XStream is a Java library to serialize objects to XML and back again. In XStream before version 1.4.16, there is a vulnerability where the processed stream at unmarshalling time contains type informat..."
CVE-2021-21351,CRITICAL,9.1,v3,mxparser-1.2.2.jar,"XStream is a Java library to serialize objects to XML and back again. In XStream before version 1.4.16, there is a vulnerability may allow a remote attacker to load and execute arbitrary code from a r..."
CVE-2019-20444,CRITICAL,9.1,v3,solr-distro-2.29.27-assembly.zip: grpc-netty-1.65.1.jar,"HttpObjectDecoder.java in Netty before 4.1.44 allows an HTTP header that lacks a colon, which might be interpreted as a separate header with an incorrect syntax, or might be interpreted as an ""invalid..."
CVE-2019-20445,CRITICAL,9.1,v3,solr-distro-2.29.27-assembly.zip: grpc-netty-1.65.1.jar,"HttpObjectDecoder.java in Netty before 4.1.44 allows a Content-Length header to be accompanied by a second Content-Length header, or by a Transfer-Encoding header...."
CVE-2025-48734,HIGH,8.8,v3,commons-beanutils-1.9.4.jar,"Improper Access Control vulnerability in Apache Commons.



A special BeanIntrospector class was added in version 1.9.2. This can be used to stop attackers from using the declared class property of Ja..."
CVE-2023-6787,HIGH,8.8,v3,kernel-2.29.27.zip: keycloak-osgi-adapter-18.0.2.jar,A flaw was found in Keycloak that occurs from an error in the re-authentication mechanism within org.keycloak.authentication. This flaw allows hijacking an active Keycloak session by triggering a new ...
CVE-2023-6787,HIGH,8.8,v3,kernel-2.29.27.zip: keycloak-pax-web-undertow-18.0.2.jar,A flaw was found in Keycloak that occurs from an error in the re-authentication mechanism within org.keycloak.authentication. This flaw allows hijacking an active Keycloak session by triggering a new ...
CVE-2020-26217,HIGH,8.8,v3,mxparser-1.2.2.jar,XStream before version 1.4.14 is vulnerable to Remote Code Execution.The vulnerability may allow a remote attacker to run arbitrary shell commands only by manipulating the processed input stream. Only...
CVE-2021-29505,HIGH,8.8,v3,mxparser-1.2.2.jar,XStream is software for serializing Java objects to XML and back again. A vulnerability in XStream versions prior to 1.4.17 may allow a remote attacker has sufficient rights to execute commands of the...
CVE-2021-39139,HIGH,8.8,v3,mxparser-1.2.2.jar,XStream is a simple library to serialize objects to XML and back again. In affected versions this vulnerability may allow a remote attacker to load and execute arbitrary code from a remote host only b...
CVE-2025-27818,HIGH,8.8,v3,solr-distro-2.29.27-assembly.zip: kafka-server-3.9.0.jar,"A possible security vulnerability has been identified in Apache Kafka.
This requires access to a alterConfig to the cluster resource, or Kafka Connect worker, and the ability to create/modify connecto..."
CVE-2022-1271,HIGH,8.8,v3,solr-distro-2.29.27-assembly.zip: xz-1.9.jar,"An arbitrary file write vulnerability was found in GNU gzip's zgrep utility. When zgrep is applied on the attacker's chosen file name (for example, a crafted file name), this can overwrite an attacker..."
CVE-2021-21349,HIGH,8.6,v3,mxparser-1.2.2.jar,"XStream is a Java library to serialize objects to XML and back again. In XStream before version 1.4.16, there is a vulnerability which may allow a remote attacker to request data from internal resourc..."
CVE-2021-39141,HIGH,8.5,v3,mxparser-1.2.2.jar,XStream is a simple library to serialize objects to XML and back again. In affected versions this vulnerability may allow a remote attacker to load and execute arbitrary code from a remote host only b...
CVE-2021-39144,HIGH,8.5,v3,mxparser-1.2.2.jar,XStream is a simple library to serialize objects to XML and back again. In affected versions this vulnerability may allow a remote attacker has sufficient rights to execute commands of the host only b...
CVE-2021-39145,HIGH,8.5,v3,mxparser-1.2.2.jar,XStream is a simple library to serialize objects to XML and back again. In affected versions this vulnerability may allow a remote attacker to load and execute arbitrary code from a remote host only b...
CVE-2021-39146,HIGH,8.5,v3,mxparser-1.2.2.jar,XStream is a simple library to serialize objects to XML and back again. In affected versions this vulnerability may allow a remote attacker to load and execute arbitrary code from a remote host only b...
CVE-2021-39147,HIGH,8.5,v3,mxparser-1.2.2.jar,XStream is a simple library to serialize objects to XML and back again. In affected versions this vulnerability may allow a remote attacker to load and execute arbitrary code from a remote host only b...
CVE-2021-39148,HIGH,8.5,v3,mxparser-1.2.2.jar,XStream is a simple library to serialize objects to XML and back again. In affected versions this vulnerability may allow a remote attacker to load and execute arbitrary code from a remote host only b...
CVE-2021-39149,HIGH,8.5,v3,mxparser-1.2.2.jar,XStream is a simple library to serialize objects to XML and back again. In affected versions this vulnerability may allow a remote attacker to load and execute arbitrary code from a remote host only b...
CVE-2021-39150,HIGH,8.5,v3,mxparser-1.2.2.jar,XStream is a simple library to serialize objects to XML and back again. In affected versions this vulnerability may allow a remote attacker to request data from internal resources that are not publicl...
CVE-2021-39151,HIGH,8.5,v3,mxparser-1.2.2.jar,XStream is a simple library to serialize objects to XML and back again. In affected versions this vulnerability may allow a remote attacker to load and execute arbitrary code from a remote host only b...
CVE-2021-39152,HIGH,8.5,v3,mxparser-1.2.2.jar,XStream is a simple library to serialize objects to XML and back again. In affected versions this vulnerability may allow a remote attacker to request data from internal resources that are not publicl...
CVE-2021-39153,HIGH,8.5,v3,mxparser-1.2.2.jar,XStream is a simple library to serialize objects to XML and back again. In affected versions this vulnerability may allow a remote attacker to load and execute arbitrary code from a remote host only b...
CVE-2021-39154,HIGH,8.5,v3,mxparser-1.2.2.jar,XStream is a simple library to serialize objects to XML and back again. In affected versions this vulnerability may allow a remote attacker to load and execute arbitrary code from a remote host only b...
CVE-2025-54988,HIGH,8.4,v3,solr-distro-2.29.27-assembly.zip: tika-core-1.28.5.jar,Critical XXE in Apache Tika (tika-parser-pdf-module) in Apache Tika 1.13 through and including 3.2.1 on all platforms allows an attacker to carry out XML External Entity injection via a crafted XFA fi...
CVE-2021-41033,HIGH,8.1,v3,apache-karaf-4.4.8.zip: org.eclipse.osgi-3.18.0.jar,"In all released versions of Eclipse Equinox, at least until version 4.21 (September 2021), installation can be vulnerable to man-in-the-middle attack if using p2 repos that are HTTP; that can then be ..."
CVE-2019-10101,HIGH,8.1,v3,kotlin-osgi-bundle-1.2.21.jar,"JetBrains Kotlin versions before 1.3.30 were resolving artifacts using an http connection during the build process, potentially allowing an MITM attack...."
CVE-2019-10102,HIGH,8.1,v3,kotlin-osgi-bundle-1.2.21.jar,"JetBrains Ktor framework (created using the Kotlin IDE template) versions before 1.1.0 were resolving artifacts using an http connection during the build process, potentially allowing an MITM attack. ..."
CVE-2019-10103,HIGH,8.1,v3,kotlin-osgi-bundle-1.2.21.jar,"JetBrains IntelliJ IDEA projects created using the Kotlin (JS Client/JVM Server) IDE Template were resolving Gradle artifacts using an http connection, potentially allowing an MITM attack. This issue,..."
CVE-2019-10101,HIGH,8.1,v3,kotlin-stdlib-1.3.21.jar,"JetBrains Kotlin versions before 1.3.30 were resolving artifacts using an http connection during the build process, potentially allowing an MITM attack...."
CVE-2019-10102,HIGH,8.1,v3,kotlin-stdlib-1.3.21.jar,"JetBrains Ktor framework (created using the Kotlin IDE template) versions before 1.1.0 were resolving artifacts using an http connection during the build process, potentially allowing an MITM attack. ..."
CVE-2019-10103,HIGH,8.1,v3,kotlin-stdlib-1.3.21.jar,"JetBrains IntelliJ IDEA projects created using the Kotlin (JS Client/JVM Server) IDE Template were resolving Gradle artifacts using an http connection, potentially allowing an MITM attack. This issue,..."
CVE-2021-41033,HIGH,8.1,v3,org.eclipse.osgi-3.17.200.jar,"In all released versions of Eclipse Equinox, at least until version 4.21 (September 2021), installation can be vulnerable to man-in-the-middle attack if using p2 repos that are HTTP; that can then be ..."
CVE-2019-20920,HIGH,8.1,v3,simple-2.29.27.jar: handlebars.js,"Handlebars before 3.0.8 and 4.x before 4.5.3 is vulnerable to Arbitrary Code Execution. The lookup helper fails to properly validate templates, allowing attackers to submit templates that execute arbi..."
CVE-2020-27225,HIGH,7.8,v3,org.eclipse.osgi-3.17.200.jar,"In versions 4.18 and earlier of the Eclipse Platform, the Help Subsystem does not authenticate active help requests to the local help web server, allowing an unauthenticated local attacker to issue ac..."
CVE-2017-15288,HIGH,7.8,v3,solr-distro-2.29.27-assembly.zip: scala-collection-compat_2.13-2.10.0.jar,"The compilation daemon in Scala before 2.10.7, 2.11.x before 2.11.12, and 2.12.x before 2.12.4 uses weak permissions for private files in /tmp/scala-devel/${USER:shared}/scalac-compile-server-port, wh..."
CVE-2017-15288,HIGH,7.8,v3,solr-distro-2.29.27-assembly.zip: scala-java8-compat_2.13-1.0.2.jar,"The compilation daemon in Scala before 2.10.7, 2.11.x before 2.11.12, and 2.12.x before 2.12.4 uses weak permissions for private files in /tmp/scala-devel/${USER:shared}/scalac-compile-server-port, wh..."
CVE-2015-4035,HIGH,7.8,v3,solr-distro-2.29.27-assembly.zip: xz-1.9.jar,"scripts/xzgrep.in in xzgrep 5.2.x before 5.2.0, before 5.0.0 does not properly process file names containing semicolons, which allows remote attackers to execute arbitrary code by having a user run xz..."
CVE-2023-6563,HIGH,7.7,v3,kernel-2.29.27.zip: keycloak-osgi-adapter-18.0.2.jar,"An unconstrained memory consumption vulnerability was discovered in Keycloak. It can be triggered in environments which have millions of offline tokens (> 500,000 users with each having at least 2 sav..."
CVE-2023-6563,HIGH,7.7,v3,kernel-2.29.27.zip: keycloak-pax-web-undertow-18.0.2.jar,"An unconstrained memory consumption vulnerability was discovered in Keycloak. It can be triggered in environments which have millions of offline tokens (> 500,000 users with each having at least 2 sav..."
CVE-2020-26258,HIGH,7.7,v3,mxparser-1.2.2.jar,"XStream is a Java library to serialize objects to XML and back again. In XStream before version 1.4.15, a Server-Side Forgery Request vulnerability can be activated when unmarshalling. The vulnerabili..."
CVE-2018-18385,HIGH,7.5,v3,asciidoctorj-diagram-ditaamini-1.0.3.jar,Asciidoctor in versions < 1.5.8 allows remote attackers to cause a denial of service (infinite loop). The loop was caused by the fact that Parser.next_block was not exhausting all the lines in the rea...
CVE-2021-33813,HIGH,7.5,v3,jdom2-2.0.6.jar,An XXE issue in SAXBuilder in JDOM through 2.0.6 allows attackers to cause a denial of service via a crafted HTTP request....
CVE-2023-6378,HIGH,7.5,v3,logback-core-1.2.3.jar,"A serialization vulnerability in logback receiver component part of 
logback version 1.4.11 allows an attacker to mount a Denial-Of-Service 
attack by sending poisoned data.

..."
CVE-2016-3674,HIGH,7.5,v3,mxparser-1.2.2.jar,"Multiple XML external entity (XXE) vulnerabilities in the (1) Dom4JDriver, (2) DomDriver, (3) JDomDriver, (4) JDom2Driver, (5) SjsxpDriver, (6) StandardStaxDriver, and (7) WstxDriver drivers in XStrea..."
CVE-2017-7957,HIGH,7.5,v3,mxparser-1.2.2.jar,"XStream through 1.4.9, when a certain denyTypes workaround is not used, mishandles attempts to create an instance of the primitive type 'void' during unmarshalling, leading to a remote application cra..."
CVE-2021-21341,HIGH,7.5,v3,mxparser-1.2.2.jar,"XStream is a Java library to serialize objects to XML and back again. In XStream before version 1.4.16, there is vulnerability which may allow a remote attacker to allocate 100% CPU time on the target..."
CVE-2021-21343,HIGH,7.5,v3,mxparser-1.2.2.jar,"XStream is a Java library to serialize objects to XML and back again. In XStream before version 1.4.16, there is a vulnerability where the processed stream at unmarshalling time contains type informat..."
CVE-2021-21348,HIGH,7.5,v3,mxparser-1.2.2.jar,"XStream is a Java library to serialize objects to XML and back again. In XStream before version 1.4.16, there is a vulnerability which may allow a remote attacker to occupy a thread that consumes maxi..."
CVE-2021-43859,HIGH,7.5,v3,mxparser-1.2.2.jar,XStream is an open source java library to serialize objects to XML and back again. Versions prior to 1.4.19 may allow a remote attacker to allocate 100% CPU time on the target system depending on CPU ...
CVE-2022-40151,HIGH,7.5,v3,mxparser-1.2.2.jar,"Those using Xstream to seralize XML data may be vulnerable to Denial of Service attacks (DOS). If the parser is running on user supplied input, an attacker may supply content that causes the parser to..."
CVE-2022-40152,HIGH,7.5,v3,mxparser-1.2.2.jar,"Those using Woodstox to parse XML data may be vulnerable to Denial of Service attacks (DOS) if DTD support is enabled. If the parser is running on user supplied input, an attacker may supply content t..."
CVE-2022-41966,HIGH,7.5,v3,mxparser-1.2.2.jar,"XStream serializes Java objects to XML and back again. Versions prior to 1.4.20 may allow a remote attacker to terminate the application with a stack overflow error, resulting in a denial of service o..."
CVE-2025-55163,HIGH,7.5,v3,netty-codec-http2-4.1.94.Final.jar,"Netty is an asynchronous, event-driven network application framework. Prior to versions 4.1.124.Final and 4.2.4.Final, Netty is vulnerable to MadeYouReset DDoS. This is a logical vulnerability in the ..."
CVE-2023-44487,HIGH,7.5,v3,netty-codec-http2-4.1.94.Final.jar,"The HTTP/2 protocol allows a denial of service (server resource consumption) because request cancellation can reset many streams quickly, as exploited in the wild in August through October 2023...."
CVE-2025-24970,HIGH,7.5,v3,netty-codec-http2-4.1.94.Final.jar,"Netty, an asynchronous, event-driven network application framework, has a vulnerability starting in version 4.1.91.Final and prior to version 4.1.118.Final. When a special crafted packet is received v..."
CVE-2025-58057,HIGH,7.5,v3,netty-codec-http2-4.1.94.Final.jar,Netty is an asynchronous event-driven network application framework for rapid development of maintainable high performance protocol servers & clients. In netty-codec-compression versions 4.1.124.Final...
CVE-2025-58056,HIGH,7.5,v3,netty-codec-http2-4.1.94.Final.jar,"Netty is an asynchronous event-driven network application framework for development of maintainable high performance protocol servers and clients. In versions 4.1.124.Final, and 4.2.0.Alpha3 through 4..."
CVE-2025-55163,HIGH,7.5,v3,netty-transport-4.1.68.Final.jar,"Netty is an asynchronous, event-driven network application framework. Prior to versions 4.1.124.Final and 4.2.4.Final, Netty is vulnerable to MadeYouReset DDoS. This is a logical vulnerability in the ..."
CVE-2022-41881,HIGH,7.5,v3,netty-transport-4.1.68.Final.jar,"Netty project is an event-driven asynchronous network application framework. In versions prior to 4.1.86.Final, a StackOverflowError can be raised when parsing a malformed crafted message due to an in..."
CVE-2023-44487,HIGH,7.5,v3,netty-transport-4.1.68.Final.jar,"The HTTP/2 protocol allows a denial of service (server resource consumption) because request cancellation can reset many streams quickly, as exploited in the wild in August through October 2023...."
CVE-2025-58057,HIGH,7.5,v3,netty-transport-4.1.68.Final.jar,Netty is an asynchronous event-driven network application framework for rapid development of maintainable high performance protocol servers & clients. In netty-codec-compression versions 4.1.124.Final...
CVE-2025-58056,HIGH,7.5,v3,netty-transport-4.1.68.Final.jar,"Netty is an asynchronous event-driven network application framework for development of maintainable high performance protocol servers and clients. In versions 4.1.124.Final, and 4.2.0.Alpha3 through 4..."
CVE-2022-25844,HIGH,7.5,v3,solr-distro-2.29.27-assembly.zip: angular-cookies.min.js,The package angular after 1.7.0 are vulnerable to Regular Expression Denial of Service (ReDoS) by providing a custom locale rule that makes it possible to assign the parameter in posPre: ' '.repeat() ...
CVE-2024-21490,HIGH,7.5,v3,solr-distro-2.29.27-assembly.zip: angular-cookies.min.js,This affects versions of the package angular from 1.3.0. A regular expression used to split the value of the ng-srcset directive is vulnerable to super-linear runtime due to backtracking. With large c...
CVE-2022-25844,HIGH,7.5,v3,solr-distro-2.29.27-assembly.zip: angular-resource.min.js,The package angular after 1.7.0 are vulnerable to Regular Expression Denial of Service (ReDoS) by providing a custom locale rule that makes it possible to assign the parameter in posPre: ' '.repeat() ...
CVE-2024-21490,HIGH,7.5,v3,solr-distro-2.29.27-assembly.zip: angular-resource.min.js,This affects versions of the package angular from 1.3.0. A regular expression used to split the value of the ng-srcset directive is vulnerable to super-linear runtime due to backtracking. With large c...
CVE-2022-25844,HIGH,7.5,v3,solr-distro-2.29.27-assembly.zip: angular-route.min.js,The package angular after 1.7.0 are vulnerable to Regular Expression Denial of Service (ReDoS) by providing a custom locale rule that makes it possible to assign the parameter in posPre: ' '.repeat() ...
CVE-2024-21490,HIGH,7.5,v3,solr-distro-2.29.27-assembly.zip: angular-route.min.js,This affects versions of the package angular from 1.3.0. A regular expression used to split the value of the ng-srcset directive is vulnerable to super-linear runtime due to backtracking. With large c...
CVE-2022-25844,HIGH,7.5,v3,solr-distro-2.29.27-assembly.zip: angular-sanitize.min.js,The package angular after 1.7.0 are vulnerable to Regular Expression Denial of Service (ReDoS) by providing a custom locale rule that makes it possible to assign the parameter in posPre: ' '.repeat() ...
CVE-2024-21490,HIGH,7.5,v3,solr-distro-2.29.27-assembly.zip: angular-sanitize.min.js,This affects versions of the package angular from 1.3.0. A regular expression used to split the value of the ng-srcset directive is vulnerable to super-linear runtime due to backtracking. With large c...
CVE-2022-25844,HIGH,7.5,v3,solr-distro-2.29.27-assembly.zip: angular.min.js,The package angular after 1.7.0 are vulnerable to Regular Expression Denial of Service (ReDoS) by providing a custom locale rule that makes it possible to assign the parameter in posPre: ' '.repeat() ...
CVE-2024-21490,HIGH,7.5,v3,solr-distro-2.29.27-assembly.zip: angular.min.js,This affects versions of the package angular from 1.3.0. A regular expression used to split the value of the ng-srcset directive is vulnerable to super-linear runtime due to backtracking. With large c...
CVE-2024-11407,HIGH,7.5,v3,solr-distro-2.29.27-assembly.zip: grpc-context-1.65.1.jar,There exists a denial of service through Data corruption in gRPC-C++ - gRPC-C++ servers with transmit zero copy enabled through the channel arg GRPC_ARG_TCP_TX_ZEROCOPY_ENABLED can experience data cor...
CVE-2024-11407,HIGH,7.5,v3,solr-distro-2.29.27-assembly.zip: grpc-core-1.65.1.jar,There exists a denial of service through Data corruption in gRPC-C++ - gRPC-C++ servers with transmit zero copy enabled through the channel arg GRPC_ARG_TCP_TX_ZEROCOPY_ENABLED can experience data cor...
CVE-2025-55163,HIGH,7.5,v3,solr-distro-2.29.27-assembly.zip: grpc-netty-1.65.1.jar,"Netty is an asynchronous, event-driven network application framework. Prior to versions 4.1.124.Final and 4.2.4.Final, Netty is vulnerable to MadeYouReset DDoS. This is a logical vulnerability in the ..."
CVE-2015-2156,HIGH,7.5,v3,solr-distro-2.29.27-assembly.zip: grpc-netty-1.65.1.jar,"Netty before 3.9.8.Final, 3.10.x before 3.10.3.Final, 4.0.x before 4.0.28.Final, and 4.1.x before 4.1.0.Beta5 and Play Framework 2.x before 2.3.9 might allow remote attackers to bypass the httpOnly fl..."
CVE-2019-16869,HIGH,7.5,v3,solr-distro-2.29.27-assembly.zip: grpc-netty-1.65.1.jar,"Netty before 4.1.42.Final mishandles whitespace before the colon in HTTP headers (such as a ""Transfer-Encoding : chunked"" line), which leads to HTTP request smuggling...."
CVE-2021-37136,HIGH,7.5,v3,solr-distro-2.29.27-assembly.zip: grpc-netty-1.65.1.jar,The Bzip2 decompression decoder function doesn't allow setting size restrictions on the decompressed output data (which affects the allocation size used during decompression). All users of Bzip2Decode...
CVE-2021-37137,HIGH,7.5,v3,solr-distro-2.29.27-assembly.zip: grpc-netty-1.65.1.jar,The Snappy frame decoder function doesn't restrict the chunk length which may lead to excessive memory usage. Beside this it also may buffer reserved skippable chunks until the whole chunk was receive...
CVE-2022-41881,HIGH,7.5,v3,solr-distro-2.29.27-assembly.zip: grpc-netty-1.65.1.jar,"Netty project is an event-driven asynchronous network application framework. In versions prior to 4.1.86.Final, a StackOverflowError can be raised when parsing a malformed crafted message due to an in..."
CVE-2023-44487,HIGH,7.5,v3,solr-distro-2.29.27-assembly.zip: grpc-netty-1.65.1.jar,"The HTTP/2 protocol allows a denial of service (server resource consumption) because request cancellation can reset many streams quickly, as exploited in the wild in August through October 2023...."
CVE-2024-11407,HIGH,7.5,v3,solr-distro-2.29.27-assembly.zip: grpc-netty-1.65.1.jar,There exists a denial of service through Data corruption in gRPC-C++ - gRPC-C++ servers with transmit zero copy enabled through the channel arg GRPC_ARG_TCP_TX_ZEROCOPY_ENABLED can experience data cor...
CVE-2025-58057,HIGH,7.5,v3,solr-distro-2.29.27-assembly.zip: grpc-netty-1.65.1.jar,Netty is an asynchronous event-driven network application framework for rapid development of maintainable high performance protocol servers & clients. In netty-codec-compression versions 4.1.124.Final...
CVE-2025-58056,HIGH,7.5,v3,solr-distro-2.29.27-assembly.zip: grpc-netty-1.65.1.jar,"Netty is an asynchronous event-driven network application framework for development of maintainable high performance protocol servers and clients. In versions 4.1.124.Final, and 4.2.0.Alpha3 through 4..."
CVE-2024-11407,HIGH,7.5,v3,solr-distro-2.29.27-assembly.zip: grpc-protobuf-1.65.1.jar,There exists a denial of service through Data corruption in gRPC-C++ - gRPC-C++ servers with transmit zero copy enabled through the channel arg GRPC_ARG_TCP_TX_ZEROCOPY_ENABLED can experience data cor...
CVE-2024-7254,HIGH,7.5,v3,solr-distro-2.29.27-assembly.zip: hadoop-client-runtime-3.4.0.jar (shaded: com.google.protobuf:protobuf-java:3.21.12),Any project that parses untrusted Protocol Buffers data containing an arbitrary number of nested groups / series of SGROUP tags can corrupted by exceeding the stack limit i.e. StackOverflow. Parsing n...
CVE-2023-52428,HIGH,7.5,v3,solr-distro-2.29.27-assembly.zip: hadoop-client-runtime-3.4.0.jar (shaded: com.nimbusds:nimbus-jose-jwt:9.31),"In Connect2id Nimbus JOSE+JWT before 9.37.2, an attacker can cause a denial of service (resource consumption) via a large JWE p2c header value (aka iteration count) for the PasswordBasedDecrypter (PBK..."
CVE-2024-22201,HIGH,7.5,v3,solr-distro-2.29.27-assembly.zip: hadoop-client-runtime-3.4.0.jar (shaded: org.eclipse.jetty:jetty-io:9.4.53.v20231009),Jetty is a Java based web server and servlet engine. An HTTP/2 SSL connection that is established and TCP congested will be leaked when it times out. An attacker can cause many connections to end up i...
CVE-2024-9823,HIGH,7.5,v3,solr-distro-2.29.27-assembly.zip: hadoop-client-runtime-3.4.0.jar (shaded: org.eclipse.jetty:jetty-io:9.4.53.v20231009),There exists a security vulnerability in Jetty's DosFilter which can be exploited by unauthorized users to cause remote denial-of-service (DoS) attack on the server using DosFilter. By repeatedly send...
CVE-2025-27817,HIGH,7.5,v3,solr-distro-2.29.27-assembly.zip: kafka-server-3.9.0.jar,A possible arbitrary file read and SSRF vulnerability has been identified in Apache Kafka Client. Apache Kafka Clients accept configuration data for setting the SASL/OAUTHBEARER connection with the br...
CVE-2025-55163,HIGH,7.5,v3,solr-distro-2.29.27-assembly.zip: netty-transport-4.1.114.Final.jar,"Netty is an asynchronous, event-driven network application framework. Prior to versions 4.1.124.Final and 4.2.4.Final, Netty is vulnerable to MadeYouReset DDoS. This is a logical vulnerability in the ..."
CVE-2025-24970,HIGH,7.5,v3,solr-distro-2.29.27-assembly.zip: netty-transport-4.1.114.Final.jar,"Netty, an asynchronous, event-driven network application framework, has a vulnerability starting in version 4.1.91.Final and prior to version 4.1.118.Final. When a special crafted packet is received v..."
CVE-2025-58057,HIGH,7.5,v3,solr-distro-2.29.27-assembly.zip: netty-transport-4.1.114.Final.jar,Netty is an asynchronous event-driven network application framework for rapid development of maintainable high performance protocol servers & clients. In netty-codec-compression versions 4.1.124.Final...
CVE-2025-58056,HIGH,7.5,v3,solr-distro-2.29.27-assembly.zip: netty-transport-4.1.114.Final.jar,"Netty is an asynchronous event-driven network application framework for development of maintainable high performance protocol servers and clients. In versions 4.1.124.Final, and 4.2.0.Alpha3 through 4..."
CVE-2024-7254,HIGH,7.5,v3,solr-distro-2.29.27-assembly.zip: protobuf-java-3.25.3.jar,Any project that parses untrusted Protocol Buffers data containing an arbitrary number of nested groups / series of SGROUP tags can corrupted by exceeding the stack limit i.e. StackOverflow. Parsing n...
CVE-2021-40690,HIGH,7.5,v3,xmlsec-2.0.10.jar,"All versions of Apache Santuario - XML Security for Java prior to 2.2.3 and 2.1.7 are vulnerable to an issue where the ""secureValidation"" property is not passed correctly when creating a KeyInfo from ..."
CVE-2024-29131,HIGH,7.3,v3,solr-distro-2.29.27-assembly.zip: hadoop-client-runtime-3.4.0.jar (shaded: org.apache.commons:commons-configuration2:2.8.0),"Out-of-bounds Write vulnerability in Apache Commons Configuration.This issue affects Apache Commons Configuration: from 2.0 before 2.10.1.

Users are recommended to upgrade to version 2.10.1, which fi..."
CVE-2017-3162,HIGH,7.3,v3,solr-distro-2.29.27-assembly.zip: hadoop-client-runtime-3.4.0.jar (shaded: org.apache.hadoop.thirdparty:hadoop-shaded-protobuf_3_21:1.2.0),HDFS clients interact with a servlet on the DataNode to browse the HDFS namespace. The NameNode is provided as a query parameter that is not validated in Apache Hadoop before 2.7.0....
CVE-2017-3162,HIGH,7.3,v3,solr-distro-2.29.27-assembly.zip: hadoop-client-runtime-3.4.0.jar,HDFS clients interact with a servlet on the DataNode to browse the HDFS namespace. The NameNode is provided as a query parameter that is not validated in Apache Hadoop before 2.7.0....
CVE-2021-23337,HIGH,7.2,v3,lodash:4.17.20,Lodash versions prior to 4.17.21 are vulnerable to Command Injection via the template function....
CVE-2021-23358,HIGH,7.2,v3,simple-2.29.27.jar: underscore-min.js,"The package underscore from 1.13.0-0 and before 1.13.0-2, from 1.3.2 and before 1.12.1 are vulnerable to Arbitrary Code Injection via the template function, particularly when a variable property is pa..."
CVE-2024-13009,HIGH,7.2,v3,solr-distro-2.29.27-assembly.zip: hadoop-client-runtime-3.4.0.jar (shaded: org.eclipse.jetty:jetty-io:9.4.53.v20231009),"In Eclipse Jetty versions 9.4.0 to 9.4.56 a buffer can be incorrectly released when confronted with a gzip error when inflating a request
body. This can result in corrupted and/or inadvertent sharing ..."
CVE-2023-2976,HIGH,7.1,v3,guava-23.0.jar,Use of Java's default temporary directory for file creation in `FileBackedOutputStream` in Google Guava versions 1.0 to 31.1 on Unix systems and Android Ice Cream Sandwich allows other users and apps ...
CVE-2023-6291,HIGH,7.1,v3,kernel-2.29.27.zip: keycloak-osgi-adapter-18.0.2.jar,"A flaw was found in the redirect_uri validation logic in Keycloak. This issue may allow a bypass of otherwise explicitly allowed hosts. A successful attack may lead to an access token being stolen, ma..."
CVE-2024-7341,HIGH,7.1,v3,kernel-2.29.27.zip: keycloak-osgi-adapter-18.0.2.jar,"A session fixation issue was discovered in the SAML adapters provided by Keycloak. The session ID and JSESSIONID cookie are not changed at login time, even when the turnOffChangeSessionIdOnLogin optio..."
CVE-2023-6291,HIGH,7.1,v3,kernel-2.29.27.zip: keycloak-pax-web-undertow-18.0.2.jar,"A flaw was found in the redirect_uri validation logic in Keycloak. This issue may allow a bypass of otherwise explicitly allowed hosts. A successful attack may lead to an access token being stolen, ma..."
CVE-2024-7341,HIGH,7.1,v3,kernel-2.29.27.zip: keycloak-pax-web-undertow-18.0.2.jar,"A session fixation issue was discovered in the SAML adapters provided by Keycloak. The session ID and JSESSIONID cookie are not changed at login time, even when the turnOffChangeSessionIdOnLogin optio..."
CVE-2022-3916,MEDIUM,6.8,v3,kernel-2.29.27.zip: keycloak-osgi-adapter-18.0.2.jar,"A flaw was found in the offline_access scope in Keycloak. This issue would affect users of shared computers more (especially if cookies are not cleared), due to a lack of root session validation, and ..."
CVE-2022-3916,MEDIUM,6.8,v3,kernel-2.29.27.zip: keycloak-pax-web-undertow-18.0.2.jar,"A flaw was found in the offline_access scope in Keycloak. This issue would affect users of shared computers more (especially if cookies are not cleared), due to a lack of root session validation, and ..."
CVE-2020-26259,MEDIUM,6.8,v3,mxparser-1.2.2.jar,"XStream is a Java library to serialize objects to XML and back again. In XStream before version 1.4.15, is vulnerable to an Arbitrary File Deletion on the local host when unmarshalling. The vulnerabil..."
CVE-2014-3604,MEDIUM,6.8,v2,not-yet-commons-ssl-0.3.11.jar,"Certificates.java in Not Yet Commons SSL before 0.3.15 does not properly verify that the server hostname matches a domain name in the subject's Common Name (CN) field of the X.509 certificate, which a..."
CVE-2021-42550,MEDIUM,6.6,v3,logback-core-1.2.3.jar,"In logback version 1.2.7 and prior versions, an attacker with the required privileges to edit configurations files could craft a malicious configuration allowing to execute arbitrary code loaded from ..."
CVE-2021-37533,MEDIUM,6.5,v3,asciidoctorj-diagram-batik-1.17.jar: xmlgraphics-commons-2.9.jar,"Prior to Apache Commons Net 3.9.0, Net's FTP client trusts the host from PASV response by default. A malicious server can redirect the Commons Net code to use a different host, but the user has to con..."
CVE-2025-46392,MEDIUM,6.5,v3,commons-configuration-1.10.jar,"Uncontrolled Resource Consumption vulnerability in Apache Commons Configuration 1.x.

There are a number of issues in Apache Commons Configuration 1.x that allow excessive resource consumption when lo..."
CVE-2022-40159,MEDIUM,6.5,v3,commons-jxpath-1.3.jar,** DISPUTED ** This record was originally reported by the oss-fuzz project who failed to consider the security context in which JXPath is intended to be used and failed to contact the JXPath maintaine...
CVE-2022-40160,MEDIUM,6.5,v3,commons-jxpath-1.3.jar,** DISPUTED ** This record was originally reported by the oss-fuzz project who failed to consider the security context in which JXPath is intended to be used and failed to contact the JXPath maintaine...
CVE-2022-38752,MEDIUM,6.5,v3,jruby-stdlib-9.3.8.0.jar: snakeyaml-1.31.jar,"Using snakeYAML to parse untrusted YAML files may be vulnerable to Denial of Service attacks (DOS). If the parser is running on user supplied input, an attacker may supply content that causes the pars..."
CVE-2022-41854,MEDIUM,6.5,v3,jruby-stdlib-9.3.8.0.jar: snakeyaml-1.31.jar,"Those using Snakeyaml to parse untrusted YAML files may be vulnerable to Denial of Service attacks (DOS). If the parser is running on user supplied input, an attacker may supply content that causes th..."
CVE-2021-37533,MEDIUM,6.5,v3,kernel-2.29.27.zip: groovy-cli-commons-3.0.3.jar,"Prior to Apache Commons Net 3.9.0, Net's FTP client trusts the host from PASV response by default. A malicious server can redirect the Commons Net code to use a different host, but the user has to con..."
CVE-2024-4629,MEDIUM,6.5,v3,kernel-2.29.27.zip: keycloak-osgi-adapter-18.0.2.jar,"A vulnerability was found in Keycloak. This flaw allows attackers to bypass brute force protection by exploiting the timing of login attempts. By initiating multiple login requests simultaneously, att..."
CVE-2024-4629,MEDIUM,6.5,v3,kernel-2.29.27.zip: keycloak-pax-web-undertow-18.0.2.jar,"A vulnerability was found in Keycloak. This flaw allows attackers to bypass brute force protection by exploiting the timing of login attempts. By initiating multiple login requests simultaneously, att..."
CVE-2021-43797,MEDIUM,6.5,v3,netty-transport-4.1.68.Final.jar,Netty is an asynchronous event-driven network application framework for rapid development of maintainable high performance protocol servers & clients. Netty prior to version 4.1.71.Final skips control...
CVE-2023-34462,MEDIUM,6.5,v3,netty-transport-4.1.68.Final.jar,Netty is an asynchronous event-driven network application framework for rapid development of maintainable high performance protocol servers & clients. The `SniHandler` can allocate up to 16MB of heap ...
CVE-2021-43797,MEDIUM,6.5,v3,solr-distro-2.29.27-assembly.zip: grpc-netty-1.65.1.jar,Netty is an asynchronous event-driven network application framework for rapid development of maintainable high performance protocol servers & clients. Netty prior to version 4.1.71.Final skips control...
CVE-2023-34462,MEDIUM,6.5,v3,solr-distro-2.29.27-assembly.zip: grpc-netty-1.65.1.jar,Netty is an asynchronous event-driven network application framework for rapid development of maintainable high performance protocol servers & clients. The `SniHandler` can allocate up to 16MB of heap ...
CVE-2024-8184,MEDIUM,6.5,v3,solr-distro-2.29.27-assembly.zip: hadoop-client-runtime-3.4.0.jar (shaded: org.eclipse.jetty:jetty-io:9.4.53.v20231009),There exists a security vulnerability in Jetty's ThreadLimitHandler.getRemote() which can be exploited by unauthorized users to cause remote denial-of-service (DoS) attack.  By repeatedly sending craf...
CVE-2024-8184,MEDIUM,6.5,v3,solr-distro-2.29.27-assembly.zip: http2-client-10.0.22.jar,There exists a security vulnerability in Jetty's ThreadLimitHandler.getRemote() which can be exploited by unauthorized users to cause remote denial-of-service (DoS) attack.  By repeatedly sending craf...
CVE-2024-8184,MEDIUM,6.5,v3,solr-distro-2.29.27-assembly.zip: http2-server-10.0.22.jar,There exists a security vulnerability in Jetty's ThreadLimitHandler.getRemote() which can be exploited by unauthorized users to cause remote denial-of-service (DoS) attack.  By repeatedly sending craf...
CVE-2024-8184,MEDIUM,6.5,v3,solr-distro-2.29.27-assembly.zip: jetty-io-10.0.22.jar,There exists a security vulnerability in Jetty's ThreadLimitHandler.getRemote() which can be exploited by unauthorized users to cause remote denial-of-service (DoS) attack.  By repeatedly sending craf...
CVE-2024-8184,MEDIUM,6.5,v3,solr-distro-2.29.27-assembly.zip: jetty-server-10.0.22.jar,There exists a security vulnerability in Jetty's ThreadLimitHandler.getRemote() which can be exploited by unauthorized users to cause remote denial-of-service (DoS) attack.  By repeatedly sending craf...
CVE-2025-43714,MEDIUM,6.5,v3,solr-distro-2.29.27-assembly.zip: openai4j-0.22.0.jar,"The ChatGPT system through 2025-03-30 performs inline rendering of SVG documents (instead of, for example, rendering them as text inside a code block), which enables HTML injection within most modern ..."
CVE-2024-8184,MEDIUM,6.5,v3,solr-distro-2.29.27-assembly.zip: start.jar (shaded: org.eclipse.jetty:jetty-start:10.0.22),There exists a security vulnerability in Jetty's ThreadLimitHandler.getRemote() which can be exploited by unauthorized users to cause remote denial-of-service (DoS) attack.  By repeatedly sending craf...
CVE-2024-8184,MEDIUM,6.5,v3,solr-distro-2.29.27-assembly.zip: start.jar,There exists a security vulnerability in Jetty's ThreadLimitHandler.getRemote() which can be exploited by unauthorized users to cause remote denial-of-service (DoS) attack.  By repeatedly sending craf...
CVE-2023-44483,MEDIUM,6.5,v3,xmlsec-2.0.10.jar,"All versions of Apache Santuario - XML Security for Java prior to 2.2.6, 2.3.4, and 3.0.3, when using the JSR 105 API, are vulnerable to an issue where a private key may be disclosed in log files when..."
CVE-2023-44483,MEDIUM,6.5,v3,xmlsec-2.3.1.jar,"All versions of Apache Santuario - XML Security for Java prior to 2.2.6, 2.3.4, and 3.0.3, when using the JSR 105 API, are vulnerable to an issue where a private key may be disclosed in log files when..."
CVE-2021-39140,MEDIUM,6.3,v3,mxparser-1.2.2.jar,XStream is a simple library to serialize objects to XML and back again. In affected versions this vulnerability may allow a remote attacker to allocate 100% CPU time on the target system depending on ...
CVE-2024-23454,MEDIUM,6.2,v3,solr-distro-2.29.27-assembly.zip: hadoop-client-runtime-3.4.0.jar (shaded: org.apache.hadoop.thirdparty:hadoop-shaded-protobuf_3_21:1.2.0),"Apache Hadoop’s RunJar.run() does not set permissions for temporary directory by default. If sensitive data will be present in this file, all the other local users may be able to view the content.
Thi..."
CVE-2024-23454,MEDIUM,6.2,v3,solr-distro-2.29.27-assembly.zip: hadoop-client-runtime-3.4.0.jar,"Apache Hadoop’s RunJar.run() does not set permissions for temporary directory by default. If sensitive data will be present in this file, all the other local users may be able to view the content.
Thi..."
CVE-2016-10735,MEDIUM,6.1,v3,components-bootstrap-3.1.1.jar: bootstrap.js,"In Bootstrap 3.x before 3.4.0 and 4.x-beta before 4.0.0-beta.2, XSS is possible in the data-target attribute, a different vulnerability than CVE-2018-14041...."
CVE-2018-14041,MEDIUM,6.1,v3,components-bootstrap-3.1.1.jar: bootstrap.js,"In Bootstrap before 4.1.2, XSS is possible in the data-target property of scrollspy...."
CVE-2018-14042,MEDIUM,6.1,v3,components-bootstrap-3.1.1.jar: bootstrap.js,"In Bootstrap before 4.1.2, XSS is possible in the data-container property of tooltip...."
CVE-2018-20676,MEDIUM,6.1,v3,components-bootstrap-3.1.1.jar: bootstrap.js,"In Bootstrap before 3.4.0, XSS is possible in the tooltip data-viewport attribute...."
CVE-2018-20677,MEDIUM,6.1,v3,components-bootstrap-3.1.1.jar: bootstrap.js,"In Bootstrap before 3.4.0, XSS is possible in the affix configuration target property...."
CVE-2019-8331,MEDIUM,6.1,v3,components-bootstrap-3.1.1.jar: bootstrap.js,"In Bootstrap before 3.4.1 and 4.3.x before 4.3.1, XSS is possible in the tooltip or popover data-template attribute...."
CVE-2016-10735,MEDIUM,6.1,v3,components-bootstrap-3.1.1.jar: bootstrap.js,"In Bootstrap 3.x before 3.4.0 and 4.x-beta before 4.0.0-beta.2, XSS is possible in the data-target attribute, a different vulnerability than CVE-2018-14041...."
CVE-2018-14041,MEDIUM,6.1,v3,components-bootstrap-3.1.1.jar: bootstrap.js,"In Bootstrap before 4.1.2, XSS is possible in the data-target property of scrollspy...."
CVE-2018-14042,MEDIUM,6.1,v3,components-bootstrap-3.1.1.jar: bootstrap.js,"In Bootstrap before 4.1.2, XSS is possible in the data-container property of tooltip...."
CVE-2018-20676,MEDIUM,6.1,v3,components-bootstrap-3.1.1.jar: bootstrap.js,"In Bootstrap before 3.4.0, XSS is possible in the tooltip data-viewport attribute...."
CVE-2018-20677,MEDIUM,6.1,v3,components-bootstrap-3.1.1.jar: bootstrap.js,"In Bootstrap before 3.4.0, XSS is possible in the affix configuration target property...."
CVE-2019-8331,MEDIUM,6.1,v3,components-bootstrap-3.1.1.jar: bootstrap.js,"In Bootstrap before 3.4.1 and 4.3.x before 4.3.1, XSS is possible in the tooltip or popover data-template attribute...."
CVE-2016-10735,MEDIUM,6.1,v3,components-bootstrap-3.1.1.jar: bootstrap.min.js,"In Bootstrap 3.x before 3.4.0 and 4.x-beta before 4.0.0-beta.2, XSS is possible in the data-target attribute, a different vulnerability than CVE-2018-14041...."
CVE-2018-14041,MEDIUM,6.1,v3,components-bootstrap-3.1.1.jar: bootstrap.min.js,"In Bootstrap before 4.1.2, XSS is possible in the data-target property of scrollspy...."
CVE-2018-14042,MEDIUM,6.1,v3,components-bootstrap-3.1.1.jar: bootstrap.min.js,"In Bootstrap before 4.1.2, XSS is possible in the data-container property of tooltip...."
CVE-2018-20676,MEDIUM,6.1,v3,components-bootstrap-3.1.1.jar: bootstrap.min.js,"In Bootstrap before 3.4.0, XSS is possible in the tooltip data-viewport attribute...."
CVE-2018-20677,MEDIUM,6.1,v3,components-bootstrap-3.1.1.jar: bootstrap.min.js,"In Bootstrap before 3.4.0, XSS is possible in the affix configuration target property...."
CVE-2019-8331,MEDIUM,6.1,v3,components-bootstrap-3.1.1.jar: bootstrap.min.js,"In Bootstrap before 3.4.1 and 4.3.x before 4.3.1, XSS is possible in the tooltip or popover data-template attribute...."
CVE-2016-10735,MEDIUM,6.1,v3,components-bootstrap-3.1.1.jar: bootstrap.min.js,"In Bootstrap 3.x before 3.4.0 and 4.x-beta before 4.0.0-beta.2, XSS is possible in the data-target attribute, a different vulnerability than CVE-2018-14041...."
CVE-2018-14041,MEDIUM,6.1,v3,components-bootstrap-3.1.1.jar: bootstrap.min.js,"In Bootstrap before 4.1.2, XSS is possible in the data-target property of scrollspy...."
CVE-2018-14042,MEDIUM,6.1,v3,components-bootstrap-3.1.1.jar: bootstrap.min.js,"In Bootstrap before 4.1.2, XSS is possible in the data-container property of tooltip...."
CVE-2018-20676,MEDIUM,6.1,v3,components-bootstrap-3.1.1.jar: bootstrap.min.js,"In Bootstrap before 3.4.0, XSS is possible in the tooltip data-viewport attribute...."
CVE-2018-20677,MEDIUM,6.1,v3,components-bootstrap-3.1.1.jar: bootstrap.min.js,"In Bootstrap before 3.4.0, XSS is possible in the affix configuration target property...."
CVE-2019-8331,MEDIUM,6.1,v3,components-bootstrap-3.1.1.jar: bootstrap.min.js,"In Bootstrap before 3.4.1 and 4.3.x before 4.3.1, XSS is possible in the tooltip or popover data-template attribute...."
CVE-2015-9251,MEDIUM,6.1,v3,jquery-1.11.0.jar: jquery.js,"jQuery before 3.0.0 is vulnerable to Cross-site Scripting (XSS) attacks when a cross-domain Ajax request is performed without the dataType option, causing text/javascript responses to be executed...."
CVE-2019-11358,MEDIUM,6.1,v3,jquery-1.11.0.jar: jquery.js,"jQuery before 3.4.0, as used in Drupal, Backdrop CMS, and other products, mishandles jQuery.extend(true, {}, ...) because of Object.prototype pollution. If an unsanitized source object contained an en..."
CVE-2020-11022,MEDIUM,6.1,v3,jquery-1.11.0.jar: jquery.js,"In jQuery versions greater than or equal to 1.2 and before 3.5.0, passing HTML from untrusted sources - even after sanitizing it - to one of jQuery's DOM manipulation methods (i.e. .html(), .append(),..."
CVE-2020-11023,MEDIUM,6.1,v3,jquery-1.11.0.jar: jquery.js,"In jQuery versions greater than or equal to 1.0.3 and before 3.5.0, passing HTML containing <option> elements from untrusted sources - even after sanitizing it - to one of jQuery's DOM manipulation me..."
CVE-2015-9251,MEDIUM,6.1,v3,jquery-1.11.0.jar: jquery.min.js,"jQuery before 3.0.0 is vulnerable to Cross-site Scripting (XSS) attacks when a cross-domain Ajax request is performed without the dataType option, causing text/javascript responses to be executed...."
CVE-2019-11358,MEDIUM,6.1,v3,jquery-1.11.0.jar: jquery.min.js,"jQuery before 3.4.0, as used in Drupal, Backdrop CMS, and other products, mishandles jQuery.extend(true, {}, ...) because of Object.prototype pollution. If an unsanitized source object contained an en..."
CVE-2020-11022,MEDIUM,6.1,v3,jquery-1.11.0.jar: jquery.min.js,"In jQuery versions greater than or equal to 1.2 and before 3.5.0, passing HTML from untrusted sources - even after sanitizing it - to one of jQuery's DOM manipulation methods (i.e. .html(), .append(),..."
CVE-2020-11023,MEDIUM,6.1,v3,jquery-1.11.0.jar: jquery.min.js,"In jQuery versions greater than or equal to 1.0.3 and before 3.5.0, passing HTML containing <option> elements from untrusted sources - even after sanitizing it - to one of jQuery's DOM manipulation me..."
CVE-2022-4361,MEDIUM,6.1,v3,kernel-2.29.27.zip: keycloak-osgi-adapter-18.0.2.jar,"Keycloak, an open-source identity and access management solution, has a cross-site scripting (XSS) vulnerability in the SAML or OIDC providers. The vulnerability can allow an attacker to execute malic..."
CVE-2024-7260,MEDIUM,6.1,v3,kernel-2.29.27.zip: keycloak-osgi-adapter-18.0.2.jar,An open redirect vulnerability was found in Keycloak. A specially crafted URL can be constructed where the referrer and referrer_uri parameters are made to trick a user to visit a malicious webpage. A...
CVE-2022-4361,MEDIUM,6.1,v3,kernel-2.29.27.zip: keycloak-pax-web-undertow-18.0.2.jar,"Keycloak, an open-source identity and access management solution, has a cross-site scripting (XSS) vulnerability in the SAML or OIDC providers. The vulnerability can allow an attacker to execute malic..."
CVE-2024-7260,MEDIUM,6.1,v3,kernel-2.29.27.zip: keycloak-pax-web-undertow-18.0.2.jar,An open redirect vulnerability was found in Keycloak. A specially crafted URL can be constructed where the referrer and referrer_uri parameters are made to trick a user to visit a malicious webpage. A...
CVE-2025-25247,MEDIUM,6.1,v3,kernel-2.29.27.zip: org.apache.karaf.webconsole.console-4.4.8.jar (shaded: org.apache.felix:org.apache.felix.webconsole:4.8.12),"Improper Neutralization of Input During Web Page Generation ('Cross-site Scripting') vulnerability in Apache Felix Webconsole.

This issue affects Apache Felix Webconsole 4.x up to 4.9.8 and 5.x up to..."
CVE-2025-25247,MEDIUM,6.1,v3,kernel-2.29.27.zip: org.apache.karaf.webconsole.console-4.4.8.jar,"Improper Neutralization of Input During Web Page Generation ('Cross-site Scripting') vulnerability in Apache Felix Webconsole.

This issue affects Apache Felix Webconsole 4.x up to 4.9.8 and 5.x up to..."
CVE-2016-10735,MEDIUM,6.1,v3,landing-page-2.29.27.jar: bootstrap.min.js,"In Bootstrap 3.x before 3.4.0 and 4.x-beta before 4.0.0-beta.2, XSS is possible in the data-target attribute, a different vulnerability than CVE-2018-14041...."
CVE-2018-14041,MEDIUM,6.1,v3,landing-page-2.29.27.jar: bootstrap.min.js,"In Bootstrap before 4.1.2, XSS is possible in the data-target property of scrollspy...."
CVE-2018-14042,MEDIUM,6.1,v3,landing-page-2.29.27.jar: bootstrap.min.js,"In Bootstrap before 4.1.2, XSS is possible in the data-container property of tooltip...."
CVE-2018-20676,MEDIUM,6.1,v3,landing-page-2.29.27.jar: bootstrap.min.js,"In Bootstrap before 3.4.0, XSS is possible in the tooltip data-viewport attribute...."
CVE-2018-20677,MEDIUM,6.1,v3,landing-page-2.29.27.jar: bootstrap.min.js,"In Bootstrap before 3.4.0, XSS is possible in the affix configuration target property...."
CVE-2019-8331,MEDIUM,6.1,v3,landing-page-2.29.27.jar: bootstrap.min.js,"In Bootstrap before 3.4.1 and 4.3.x before 4.3.1, XSS is possible in the tooltip or popover data-template attribute...."
CVE-2015-9251,MEDIUM,6.1,v3,landing-page-2.29.27.jar: jquery-1.10.1.min.js,"jQuery before 3.0.0 is vulnerable to Cross-site Scripting (XSS) attacks when a cross-domain Ajax request is performed without the dataType option, causing text/javascript responses to be executed...."
CVE-2019-11358,MEDIUM,6.1,v3,landing-page-2.29.27.jar: jquery-1.10.1.min.js,"jQuery before 3.4.0, as used in Drupal, Backdrop CMS, and other products, mishandles jQuery.extend(true, {}, ...) because of Object.prototype pollution. If an unsanitized source object contained an en..."
CVE-2020-11022,MEDIUM,6.1,v3,landing-page-2.29.27.jar: jquery-1.10.1.min.js,"In jQuery versions greater than or equal to 1.2 and before 3.5.0, passing HTML from untrusted sources - even after sanitizing it - to one of jQuery's DOM manipulation methods (i.e. .html(), .append(),..."
CVE-2020-11023,MEDIUM,6.1,v3,landing-page-2.29.27.jar: jquery-1.10.1.min.js,"In jQuery versions greater than or equal to 1.0.3 and before 3.5.0, passing HTML containing <option> elements from untrusted sources - even after sanitizing it - to one of jQuery's DOM manipulation me..."
CVE-2015-8861,MEDIUM,6.1,v3,simple-2.29.27.jar: handlebars.js,The handlebars package before 4.0.0 for Node.js allows remote attackers to conduct cross-site scripting (XSS) attacks by leveraging a template with an attribute that is not quoted....
CVE-2019-11358,MEDIUM,6.1,v3,simple-2.29.27.jar: jquery-3.2.1.min.js,"jQuery before 3.4.0, as used in Drupal, Backdrop CMS, and other products, mishandles jQuery.extend(true, {}, ...) because of Object.prototype pollution. If an unsanitized source object contained an en..."
CVE-2020-11022,MEDIUM,6.1,v3,simple-2.29.27.jar: jquery-3.2.1.min.js,"In jQuery versions greater than or equal to 1.2 and before 3.5.0, passing HTML from untrusted sources - even after sanitizing it - to one of jQuery's DOM manipulation methods (i.e. .html(), .append(),..."
CVE-2020-11023,MEDIUM,6.1,v3,simple-2.29.27.jar: jquery-3.2.1.min.js,"In jQuery versions greater than or equal to 1.0.3 and before 3.5.0, passing HTML containing <option> elements from untrusted sources - even after sanitizing it - to one of jQuery's DOM manipulation me..."
CVE-2021-41182,MEDIUM,6.1,v3,simple-2.29.27.jar: jquery-ui-1.12.1.min.js,"jQuery-UI is the official jQuery user interface library. Prior to version 1.13.0, accepting the value of the `altField` option of the Datepicker widget from untrusted sources may execute untrusted cod..."
CVE-2021-41183,MEDIUM,6.1,v3,simple-2.29.27.jar: jquery-ui-1.12.1.min.js,"jQuery-UI is the official jQuery user interface library. Prior to version 1.13.0, accepting the value of various `*Text` options of the Datepicker widget from untrusted sources may execute untrusted c..."
CVE-2021-41184,MEDIUM,6.1,v3,simple-2.29.27.jar: jquery-ui-1.12.1.min.js,"jQuery-UI is the official jQuery user interface library. Prior to version 1.13.0, accepting the value of the `of` option of the `.position()` util from untrusted sources may execute untrusted code. Th..."
CVE-2022-31160,MEDIUM,6.1,v3,simple-2.29.27.jar: jquery-ui-1.12.1.min.js,"jQuery UI is a curated set of user interface interactions, effects, widgets, and themes built on top of jQuery. Versions prior to 1.13.2 are potentially vulnerable to cross-site scripting. Initializin..."
CVE-2022-25869,MEDIUM,6.1,v3,solr-distro-2.29.27-assembly.zip: angular-cookies.min.js,All versions of the package angular; all versions of the package angularjs.core; all versions of the package angularjs are vulnerable to Cross-site Scripting (XSS) due to insecure page caching in the ...
CVE-2022-25869,MEDIUM,6.1,v3,solr-distro-2.29.27-assembly.zip: angular-resource.min.js,All versions of the package angular; all versions of the package angularjs.core; all versions of the package angularjs are vulnerable to Cross-site Scripting (XSS) due to insecure page caching in the ...
CVE-2022-25869,MEDIUM,6.1,v3,solr-distro-2.29.27-assembly.zip: angular-route.min.js,All versions of the package angular; all versions of the package angularjs.core; all versions of the package angularjs are vulnerable to Cross-site Scripting (XSS) due to insecure page caching in the ...
CVE-2022-25869,MEDIUM,6.1,v3,solr-distro-2.29.27-assembly.zip: angular-sanitize.min.js,All versions of the package angular; all versions of the package angularjs.core; all versions of the package angularjs are vulnerable to Cross-site Scripting (XSS) due to insecure page caching in the ...
CVE-2022-25869,MEDIUM,6.1,v3,solr-distro-2.29.27-assembly.zip: angular.min.js,All versions of the package angular; all versions of the package angularjs.core; all versions of the package angularjs are vulnerable to Cross-site Scripting (XSS) due to insecure page caching in the ...
CVE-2017-3161,MEDIUM,6.1,v3,solr-distro-2.29.27-assembly.zip: hadoop-client-runtime-3.4.0.jar (shaded: org.apache.hadoop.thirdparty:hadoop-shaded-protobuf_3_21:1.2.0),The HDFS web UI in Apache Hadoop before 2.7.0 is vulnerable to a cross-site scripting (XSS) attack through an unescaped query parameter....
CVE-2017-3161,MEDIUM,6.1,v3,solr-distro-2.29.27-assembly.zip: hadoop-client-runtime-3.4.0.jar,The HDFS web UI in Apache Hadoop before 2.7.0 is vulnerable to a cross-site scripting (XSS) attack through an unescaped query parameter....
CVE-2021-41182,MEDIUM,6.1,v3,solr-distro-2.29.27-assembly.zip: jquery-ui.min.js,"jQuery-UI is the official jQuery user interface library. Prior to version 1.13.0, accepting the value of the `altField` option of the Datepicker widget from untrusted sources may execute untrusted cod..."
CVE-2021-41183,MEDIUM,6.1,v3,solr-distro-2.29.27-assembly.zip: jquery-ui.min.js,"jQuery-UI is the official jQuery user interface library. Prior to version 1.13.0, accepting the value of various `*Text` options of the Datepicker widget from untrusted sources may execute untrusted c..."
CVE-2021-41184,MEDIUM,6.1,v3,solr-distro-2.29.27-assembly.zip: jquery-ui.min.js,"jQuery-UI is the official jQuery user interface library. Prior to version 1.13.0, accepting the value of the `of` option of the `.position()` util from untrusted sources may execute untrusted code. Th..."
CVE-2022-31160,MEDIUM,6.1,v3,solr-distro-2.29.27-assembly.zip: jquery-ui.min.js,"jQuery UI is a curated set of user interface interactions, effects, widgets, and themes built on top of jQuery. Versions prior to 1.13.2 are potentially vulnerable to cross-site scripting. Initializin..."
CVE-2020-15522,MEDIUM,5.9,v3,bcprov-jdk15on-1.59.jar,"Bouncy Castle BC Java before 1.66, BC C# .NET before 1.8.7, BC-FJA before 1.0.1.2, 1.0.2.1, and BC-FNA before 1.0.1.1 have a timing issue within the EC math library that can expose information about t..."
CVE-2018-10237,MEDIUM,5.9,v3,guava-23.0.jar,Unbounded memory allocation in Google Guava 11.0 through 24.x before 24.1.1 allows remote attackers to conduct denial of service attacks against servers that depend on this library and deserialize att...
CVE-2020-13955,MEDIUM,5.9,v3,solr-distro-2.29.27-assembly.zip: avatica-core-1.25.0.jar,HttpUtils#getURLConnection method disables explicitly hostname verification for HTTPS connections making clients vulnerable to man-in-the-middle attacks. Calcite uses internally this method to connect...
CVE-2021-21295,MEDIUM,5.9,v3,solr-distro-2.29.27-assembly.zip: grpc-netty-1.65.1.jar,"Netty is an open-source, asynchronous event-driven network application framework for rapid development of maintainable high performance protocol servers & clients. In Netty (io.netty:netty-codec-http2..."
CVE-2021-21409,MEDIUM,5.9,v3,solr-distro-2.29.27-assembly.zip: grpc-netty-1.65.1.jar,"Netty is an open-source, asynchronous event-driven network application framework for rapid development of maintainable high performance protocol servers & clients. In Netty (io.netty:netty-codec-http2..."
CVE-2012-5783,MEDIUM,5.8,v2,commons-httpclient-3.1.jar,"Apache Commons HttpClient 3.x, as used in Amazon Flexible Payments Service (FPS) merchant Java SDK and other products, does not verify that the server hostname matches a domain name in the subject's C..."
CVE-2023-33202,MEDIUM,5.5,v3,bcpkix-jdk15on-1.70.jar,Bouncy Castle for Java before 1.73 contains a potential Denial of Service (DoS) issue within the Bouncy Castle org.bouncycastle.openssl.PEMParser class. This class parses OpenSSL PEM encoded streams c...
CVE-2023-33202,MEDIUM,5.5,v3,bcprov-jdk15on-1.59.jar,Bouncy Castle for Java before 1.73 contains a potential Denial of Service (DoS) issue within the Bouncy Castle org.bouncycastle.openssl.PEMParser class. This class parses OpenSSL PEM encoded streams c...
CVE-2023-33202,MEDIUM,5.5,v3,bcprov-jdk15on-1.70.jar,Bouncy Castle for Java before 1.73 contains a potential Denial of Service (DoS) issue within the Bouncy Castle org.bouncycastle.openssl.PEMParser class. This class parses OpenSSL PEM encoded streams c...
CVE-2023-33202,MEDIUM,5.5,v3,bcutil-jdk15on-1.70.jar,Bouncy Castle for Java before 1.73 contains a potential Denial of Service (DoS) issue within the Bouncy Castle org.bouncycastle.openssl.PEMParser class. This class parses OpenSSL PEM encoded streams c...
CVE-2021-36373,MEDIUM,5.5,v3,catalog-core-commands-2.29.27.jar: ant-1.10.9.jar,"When reading a specially crafted TAR archive an Apache Ant build can be made to allocate large amounts of memory that finally leads to an out of memory error, even for small inputs. This can be used t..."
CVE-2021-36374,MEDIUM,5.5,v3,catalog-core-commands-2.29.27.jar: ant-1.10.9.jar,"When reading a specially crafted ZIP archive, or a derived formats, an Apache Ant build can be made to allocate large amounts of memory that leads to an out of memory error, even for small inputs. Thi..."
CVE-2023-50572,MEDIUM,5.5,v3,jline-3.21.0.jar (shaded: org.jline:jline-style:3.21.0),An issue in the component GroovyEngine.execute of jline-groovy v3.24.1 allows attackers to cause an OOM (OutofMemory) error....
CVE-2023-50572,MEDIUM,5.5,v3,jline-3.21.0.jar,An issue in the component GroovyEngine.execute of jline-groovy v3.24.1 allows attackers to cause an OOM (OutofMemory) error....
CVE-2023-33202,MEDIUM,5.5,v3,jruby-stdlib-9.3.8.0.jar: bcprov-jdk15on-1.68.jar,Bouncy Castle for Java before 1.73 contains a potential Denial of Service (DoS) issue within the Bouncy Castle org.bouncycastle.openssl.PEMParser class. This class parses OpenSSL PEM encoded streams c...
CVE-2023-50572,MEDIUM,5.5,v3,jruby-stdlib-9.3.8.0.jar: jline-2.14.6.jar,An issue in the component GroovyEngine.execute of jline-groovy v3.24.1 allows attackers to cause an OOM (OutofMemory) error....
CVE-2020-17521,MEDIUM,5.5,v3,kernel-2.29.27.zip: groovy-3.0.3.jar,"Apache Groovy provides extension methods to aid with creating temporary directories. Prior to this fix, Groovy's implementation of those extension methods was using a now superseded Java JDK method ca..."
CVE-2020-17521,MEDIUM,5.5,v3,kernel-2.29.27.zip: groovy-ant-3.0.3.jar,"Apache Groovy provides extension methods to aid with creating temporary directories. Prior to this fix, Groovy's implementation of those extension methods was using a now superseded Java JDK method ca..."
CVE-2020-17521,MEDIUM,5.5,v3,kernel-2.29.27.zip: groovy-cli-commons-3.0.3.jar,"Apache Groovy provides extension methods to aid with creating temporary directories. Prior to this fix, Groovy's implementation of those extension methods was using a now superseded Java JDK method ca..."
CVE-2020-17521,MEDIUM,5.5,v3,kernel-2.29.27.zip: groovy-jmx-3.0.3.jar,"Apache Groovy provides extension methods to aid with creating temporary directories. Prior to this fix, Groovy's implementation of those extension methods was using a now superseded Java JDK method ca..."
CVE-2020-17521,MEDIUM,5.5,v3,kernel-2.29.27.zip: groovy-sql-3.0.3.jar,"Apache Groovy provides extension methods to aid with creating temporary directories. Prior to this fix, Groovy's implementation of those extension methods was using a now superseded Java JDK method ca..."
CVE-2023-50572,MEDIUM,5.5,v3,kernel-2.29.27.zip: jline-3.21.0.jar (shaded: org.jline:jline-terminal:3.21.0),An issue in the component GroovyEngine.execute of jline-groovy v3.24.1 allows attackers to cause an OOM (OutofMemory) error....
CVE-2024-47535,MEDIUM,5.5,v3,netty-codec-http2-4.1.94.Final.jar,Netty is an asynchronous event-driven network application framework for rapid development of maintainable high performance protocol servers & clients. An unsafe reading of environment file could poten...
CVE-2025-25193,MEDIUM,5.5,v3,netty-codec-http2-4.1.94.Final.jar,"Netty, an asynchronous, event-driven network application framework, has a vulnerability in versions up to and including 4.1.118.Final. An unsafe reading of environment file could potentially cause a d..."
CVE-2022-24823,MEDIUM,5.5,v3,netty-transport-4.1.68.Final.jar,"Netty is an open-source, asynchronous event-driven network application framework. The package `io.netty:netty-codec-http` prior to version 4.1.77.Final contains an insufficient fix for CVE-2021-21290...."
CVE-2024-47535,MEDIUM,5.5,v3,netty-transport-4.1.68.Final.jar,Netty is an asynchronous event-driven network application framework for rapid development of maintainable high performance protocol servers & clients. An unsafe reading of environment file could poten...
CVE-2025-25193,MEDIUM,5.5,v3,netty-transport-4.1.68.Final.jar,"Netty, an asynchronous, event-driven network application framework, has a vulnerability in versions up to and including 4.1.118.Final. An unsafe reading of environment file could potentially cause a d..."
CVE-2021-21290,MEDIUM,5.5,v3,solr-distro-2.29.27-assembly.zip: grpc-netty-1.65.1.jar,"Netty is an open-source, asynchronous event-driven network application framework for rapid development of maintainable high performance protocol servers & clients. In Netty before version 4.1.59.Final..."
CVE-2022-24823,MEDIUM,5.5,v3,solr-distro-2.29.27-assembly.zip: grpc-netty-1.65.1.jar,"Netty is an open-source, asynchronous event-driven network application framework. The package `io.netty:netty-codec-http` prior to version 4.1.77.Final contains an insufficient fix for CVE-2021-21290...."
CVE-2024-47535,MEDIUM,5.5,v3,solr-distro-2.29.27-assembly.zip: grpc-netty-1.65.1.jar,Netty is an asynchronous event-driven network application framework for rapid development of maintainable high performance protocol servers & clients. An unsafe reading of environment file could poten...
CVE-2025-25193,MEDIUM,5.5,v3,solr-distro-2.29.27-assembly.zip: grpc-netty-1.65.1.jar,"Netty, an asynchronous, event-driven network application framework, has a vulnerability in versions up to and including 4.1.118.Final. An unsafe reading of environment file could potentially cause a d..."
CVE-2024-25710,MEDIUM,5.5,v3,solr-distro-2.29.27-assembly.zip: hadoop-client-runtime-3.4.0.jar (shaded: org.apache.commons:commons-compress:1.24.0),"Loop with Unreachable Exit Condition ('Infinite Loop') vulnerability in Apache Commons Compress.This issue affects Apache Commons Compress: from 1.3 through 1.25.0.

Users are recommended to upgrade t..."
CVE-2024-26308,MEDIUM,5.5,v3,solr-distro-2.29.27-assembly.zip: hadoop-client-runtime-3.4.0.jar (shaded: org.apache.commons:commons-compress:1.24.0),"Allocation of Resources Without Limits or Throttling vulnerability in Apache Commons Compress.This issue affects Apache Commons Compress: from 1.21 before 1.26.

Users are recommended to upgrade to ve..."
CVE-2016-5001,MEDIUM,5.5,v3,solr-distro-2.29.27-assembly.zip: hadoop-client-runtime-3.4.0.jar (shaded: org.apache.hadoop.thirdparty:hadoop-shaded-protobuf_3_21:1.2.0),This is an information disclosure vulnerability in Apache Hadoop before 2.6.4 and 2.7.x before 2.7.2 in the short-circuit reads feature of HDFS. A local user on an HDFS DataNode may be able to craft a...
CVE-2023-50572,MEDIUM,5.5,v3,solr-distro-2.29.27-assembly.zip: hadoop-client-runtime-3.4.0.jar (shaded: org.jline:jline:3.9.0),An issue in the component GroovyEngine.execute of jline-groovy v3.24.1 allows attackers to cause an OOM (OutofMemory) error....
CVE-2016-5001,MEDIUM,5.5,v3,solr-distro-2.29.27-assembly.zip: hadoop-client-runtime-3.4.0.jar,This is an information disclosure vulnerability in Apache Hadoop before 2.6.4 and 2.7.x before 2.7.2 in the short-circuit reads feature of HDFS. A local user on an HDFS DataNode may be able to craft a...
CVE-2022-24613,MEDIUM,5.5,v3,solr-distro-2.29.27-assembly.zip: metadata-extractor-2.17.1.0.jar,"metadata-extractor up to 2.16.0 can throw various uncaught exceptions while parsing a specially crafted JPEG file, which could result in an application crash. This could be used to mount a denial of s..."
CVE-2022-24614,MEDIUM,5.5,v3,solr-distro-2.29.27-assembly.zip: metadata-extractor-2.17.1.0.jar,"When reading a specially crafted JPEG file, metadata-extractor up to 2.16.0 can be made to allocate large amounts of memory that finally leads to an out-of-memory error even for very small inputs. Thi..."
CVE-2024-47535,MEDIUM,5.5,v3,solr-distro-2.29.27-assembly.zip: netty-transport-4.1.114.Final.jar,Netty is an asynchronous event-driven network application framework for rapid development of maintainable high performance protocol servers & clients. An unsafe reading of environment file could poten...
CVE-2025-25193,MEDIUM,5.5,v3,solr-distro-2.29.27-assembly.zip: netty-transport-4.1.114.Final.jar,"Netty, an asynchronous, event-driven network application framework, has a vulnerability in versions up to and including 4.1.118.Final. An unsafe reading of environment file could potentially cause a d..."
CVE-2019-12400,MEDIUM,5.5,v3,xmlsec-2.0.10.jar,"In version 2.0.3 Apache Santuario XML Security for Java, a caching mechanism was introduced to speed up creating new XML documents using a static pool of DocumentBuilders. However, if some untrusted c..."
CVE-2022-1274,MEDIUM,5.4,v3,kernel-2.29.27.zip: keycloak-osgi-adapter-18.0.2.jar,A flaw was found in Keycloak in the execute-actions-email endpoint. This issue allows arbitrary HTML to be injected into emails sent to Keycloak users and can be misused to perform phishing or other a...
CVE-2023-6134,MEDIUM,5.4,v3,kernel-2.29.27.zip: keycloak-osgi-adapter-18.0.2.jar,"A flaw was found in Keycloak that prevents certain schemes in redirects, but permits them if a wildcard is appended to the token. This issue could allow an attacker to submit a specially crafted reque..."
CVE-2022-1274,MEDIUM,5.4,v3,kernel-2.29.27.zip: keycloak-pax-web-undertow-18.0.2.jar,A flaw was found in Keycloak in the execute-actions-email endpoint. This issue allows arbitrary HTML to be injected into emails sent to Keycloak users and can be misused to perform phishing or other a...
CVE-2023-6134,MEDIUM,5.4,v3,kernel-2.29.27.zip: keycloak-pax-web-undertow-18.0.2.jar,"A flaw was found in Keycloak that prevents certain schemes in redirects, but permits them if a wildcard is appended to the token. This issue could allow an attacker to submit a specially crafted reque..."
CVE-2024-29133,MEDIUM,5.4,v3,solr-distro-2.29.27-assembly.zip: hadoop-client-runtime-3.4.0.jar (shaded: org.apache.commons:commons-configuration2:2.8.0),"Out-of-bounds Write vulnerability in Apache Commons Configuration.This issue affects Apache Commons Configuration: from 2.0 before 2.10.1.

Users are recommended to upgrade to version 2.10.1, which fi..."
CVE-2023-33008,MEDIUM,5.3,v3,apache-karaf-4.4.8.zip: org.apache.sling.commons.johnzon-1.2.16.jar,"Deserialization of Untrusted Data vulnerability in Apache Software Foundation Apache Johnzon.


A malicious attacker can craft up some JSON input that uses large numbers (numbers such as 1e20000000) t..."
CVE-2020-13956,MEDIUM,5.3,v3,commons-httpclient-3.1.jar,Apache HttpClient versions prior to version 4.5.13 and 5.0.3 can misinterpret malformed authority component in request URIs passed to the library as java.net.URI object and pick the wrong target host ...
CVE-2025-48924,MEDIUM,5.3,v3,commons-lang3-3.16.0.jar,"Uncontrolled Recursion vulnerability in Apache Commons Lang.

This issue affects Apache Commons Lang: Starting with commons-lang:commons-lang 2.0 to 2.6, and, from org.apache.commons:commons-lang3 3.0..."
CVE-2020-13956,MEDIUM,5.3,v3,fluent-hc-4.5.2.jar,Apache HttpClient versions prior to version 4.5.13 and 5.0.3 can misinterpret malformed authority component in request URIs passed to the library as java.net.URI object and pick the wrong target host ...
CVE-2025-48924,MEDIUM,5.3,v3,handlebars-4.3.1.jar (shaded: org.apache.commons:commons-lang3:3.12.0),"Uncontrolled Recursion vulnerability in Apache Commons Lang.

This issue affects Apache Commons Lang: Starting with commons-lang:commons-lang 2.0 to 2.6, and, from org.apache.commons:commons-lang3 3.0..."
CVE-2020-13956,MEDIUM,5.3,v3,httpclient-4.5.2.jar,Apache HttpClient versions prior to version 4.5.13 and 5.0.3 can misinterpret malformed authority component in request URIs passed to the library as java.net.URI object and pick the wrong target host ...
CVE-2020-13956,MEDIUM,5.3,v3,httpclient-osgi-4.5.2.jar (shaded: org.apache.httpcomponents:httpclient-cache:4.5.2),Apache HttpClient versions prior to version 4.5.13 and 5.0.3 can misinterpret malformed authority component in request URIs passed to the library as java.net.URI object and pick the wrong target host ...
CVE-2025-48924,MEDIUM,5.3,v3,kernel-2.29.27.zip: groovy-cli-commons-3.0.3.jar,"Uncontrolled Recursion vulnerability in Apache Commons Lang.

This issue affects Apache Commons Lang: Starting with commons-lang:commons-lang 2.0 to 2.6, and, from org.apache.commons:commons-lang3 3.0..."
CVE-2020-29582,MEDIUM,5.3,v3,kotlin-osgi-bundle-1.2.21.jar,"In JetBrains Kotlin before 1.4.21, a vulnerable Java API was used for temporary file and folder creation. An attacker was able to read data from such files and list directories due to insecure permiss..."
CVE-2022-24329,MEDIUM,5.3,v3,kotlin-osgi-bundle-1.2.21.jar,"In JetBrains Kotlin before 1.6.0, it was not possible to lock dependencies for Multiplatform Gradle Projects...."
CVE-2020-29582,MEDIUM,5.3,v3,kotlin-stdlib-1.3.21.jar,"In JetBrains Kotlin before 1.4.21, a vulnerable Java API was used for temporary file and folder creation. An attacker was able to read data from such files and list directories due to insecure permiss..."
CVE-2022-24329,MEDIUM,5.3,v3,kotlin-stdlib-1.3.21.jar,"In JetBrains Kotlin before 1.6.0, it was not possible to lock dependencies for Multiplatform Gradle Projects...."
CVE-2020-28500,MEDIUM,5.3,v3,lodash:4.17.20,"Lodash versions prior to 4.17.21 are vulnerable to Regular Expression Denial of Service (ReDoS) via the toNumber, trim and trimEnd functions...."
CVE-2024-29025,MEDIUM,5.3,v3,netty-codec-http2-4.1.94.Final.jar,Netty is an asynchronous event-driven network application framework for rapid development of maintainable high performance protocol servers & clients. The `HttpPostRequestDecoder` can be tricked to ac...
CVE-2024-29025,MEDIUM,5.3,v3,netty-transport-4.1.68.Final.jar,Netty is an asynchronous event-driven network application framework for rapid development of maintainable high performance protocol servers & clients. The `HttpPostRequestDecoder` can be tricked to ac...
CVE-2025-31672,MEDIUM,5.3,v3,poi-5.2.2.jar,"Improper Input Validation vulnerability in Apache POI. The issue affects the parsing of OOXML format files like xlsx, docx and pptx. These file formats are basically zip files and it is possible for m..."
CVE-2023-26116,MEDIUM,5.3,v3,solr-distro-2.29.27-assembly.zip: angular-cookies.min.js,Versions of the package angular from 1.2.21 are vulnerable to Regular Expression Denial of Service (ReDoS) via the angular.copy() utility function due to the usage of an insecure regular expression. E...
CVE-2023-26117,MEDIUM,5.3,v3,solr-distro-2.29.27-assembly.zip: angular-cookies.min.js,Versions of the package angular from 1.0.0 are vulnerable to Regular Expression Denial of Service (ReDoS) via the $resource service due to the usage of an insecure regular expression. Exploiting this ...
CVE-2023-26118,MEDIUM,5.3,v3,solr-distro-2.29.27-assembly.zip: angular-cookies.min.js,"Versions of the package angular from 1.4.9 are vulnerable to Regular Expression Denial of Service (ReDoS) via the <input type=""url""> element due to the usage of an insecure regular expression in the i..."
CVE-2023-26116,MEDIUM,5.3,v3,solr-distro-2.29.27-assembly.zip: angular-resource.min.js,Versions of the package angular from 1.2.21 are vulnerable to Regular Expression Denial of Service (ReDoS) via the angular.copy() utility function due to the usage of an insecure regular expression. E...
CVE-2023-26117,MEDIUM,5.3,v3,solr-distro-2.29.27-assembly.zip: angular-resource.min.js,Versions of the package angular from 1.0.0 are vulnerable to Regular Expression Denial of Service (ReDoS) via the $resource service due to the usage of an insecure regular expression. Exploiting this ...
CVE-2023-26118,MEDIUM,5.3,v3,solr-distro-2.29.27-assembly.zip: angular-resource.min.js,"Versions of the package angular from 1.4.9 are vulnerable to Regular Expression Denial of Service (ReDoS) via the <input type=""url""> element due to the usage of an insecure regular expression in the i..."
CVE-2023-26116,MEDIUM,5.3,v3,solr-distro-2.29.27-assembly.zip: angular-route.min.js,Versions of the package angular from 1.2.21 are vulnerable to Regular Expression Denial of Service (ReDoS) via the angular.copy() utility function due to the usage of an insecure regular expression. E...
CVE-2023-26117,MEDIUM,5.3,v3,solr-distro-2.29.27-assembly.zip: angular-route.min.js,Versions of the package angular from 1.0.0 are vulnerable to Regular Expression Denial of Service (ReDoS) via the $resource service due to the usage of an insecure regular expression. Exploiting this ...
CVE-2023-26118,MEDIUM,5.3,v3,solr-distro-2.29.27-assembly.zip: angular-route.min.js,"Versions of the package angular from 1.4.9 are vulnerable to Regular Expression Denial of Service (ReDoS) via the <input type=""url""> element due to the usage of an insecure regular expression in the i..."
CVE-2023-26116,MEDIUM,5.3,v3,solr-distro-2.29.27-assembly.zip: angular-sanitize.min.js,Versions of the package angular from 1.2.21 are vulnerable to Regular Expression Denial of Service (ReDoS) via the angular.copy() utility function due to the usage of an insecure regular expression. E...
CVE-2023-26117,MEDIUM,5.3,v3,solr-distro-2.29.27-assembly.zip: angular-sanitize.min.js,Versions of the package angular from 1.0.0 are vulnerable to Regular Expression Denial of Service (ReDoS) via the $resource service due to the usage of an insecure regular expression. Exploiting this ...
CVE-2023-26118,MEDIUM,5.3,v3,solr-distro-2.29.27-assembly.zip: angular-sanitize.min.js,"Versions of the package angular from 1.4.9 are vulnerable to Regular Expression Denial of Service (ReDoS) via the <input type=""url""> element due to the usage of an insecure regular expression in the i..."
CVE-2023-26116,MEDIUM,5.3,v3,solr-distro-2.29.27-assembly.zip: angular.min.js,Versions of the package angular from 1.2.21 are vulnerable to Regular Expression Denial of Service (ReDoS) via the angular.copy() utility function due to the usage of an insecure regular expression. E...
CVE-2023-26117,MEDIUM,5.3,v3,solr-distro-2.29.27-assembly.zip: angular.min.js,Versions of the package angular from 1.0.0 are vulnerable to Regular Expression Denial of Service (ReDoS) via the $resource service due to the usage of an insecure regular expression. Exploiting this ...
CVE-2023-26118,MEDIUM,5.3,v3,solr-distro-2.29.27-assembly.zip: angular.min.js,"Versions of the package angular from 1.4.9 are vulnerable to Regular Expression Denial of Service (ReDoS) via the <input type=""url""> element due to the usage of an insecure regular expression in the i..."
CVE-2024-21742,MEDIUM,5.3,v3,solr-distro-2.29.27-assembly.zip: apache-mime4j-core-0.8.4.jar,"Improper input validation allows for header injection in MIME4J library when using MIME4J DOM for composing message.
This can be exploited by an attacker to add unintended headers to MIME messages...."
CVE-2025-48924,MEDIUM,5.3,v3,solr-distro-2.29.27-assembly.zip: commons-lang3-3.15.0.jar,"Uncontrolled Recursion vulnerability in Apache Commons Lang.

This issue affects Apache Commons Lang: Starting with commons-lang:commons-lang 2.0 to 2.6, and, from org.apache.commons:commons-lang3 3.0..."
CVE-2024-7246,MEDIUM,5.3,v3,solr-distro-2.29.27-assembly.zip: grpc-context-1.65.1.jar,It's possible for a gRPC client communicating with a HTTP/2 proxy to poison the HPACK table between the proxy and the backend such that other clients see failed requests. It's also possible to use thi...
CVE-2024-7246,MEDIUM,5.3,v3,solr-distro-2.29.27-assembly.zip: grpc-core-1.65.1.jar,It's possible for a gRPC client communicating with a HTTP/2 proxy to poison the HPACK table between the proxy and the backend such that other clients see failed requests. It's also possible to use thi...
CVE-2024-7246,MEDIUM,5.3,v3,solr-distro-2.29.27-assembly.zip: grpc-netty-1.65.1.jar,It's possible for a gRPC client communicating with a HTTP/2 proxy to poison the HPACK table between the proxy and the backend such that other clients see failed requests. It's also possible to use thi...
CVE-2024-29025,MEDIUM,5.3,v3,solr-distro-2.29.27-assembly.zip: grpc-netty-1.65.1.jar,Netty is an asynchronous event-driven network application framework for rapid development of maintainable high performance protocol servers & clients. The `HttpPostRequestDecoder` can be tricked to ac...
CVE-2024-7246,MEDIUM,5.3,v3,solr-distro-2.29.27-assembly.zip: grpc-protobuf-1.65.1.jar,It's possible for a gRPC client communicating with a HTTP/2 proxy to poison the HPACK table between the proxy and the backend such that other clients see failed requests. It's also possible to use thi...
CVE-2024-6763,MEDIUM,5.3,v3,solr-distro-2.29.27-assembly.zip: hadoop-client-runtime-3.4.0.jar (shaded: org.eclipse.jetty:jetty-io:9.4.53.v20231009),"Eclipse Jetty is a lightweight, highly scalable, Java-based web server and Servlet engine . It includes a utility class, HttpURI, for URI/URL parsing.

The HttpURI class does insufficient validation o..."
CVE-2025-31672,MEDIUM,5.3,v3,solr-distro-2.29.27-assembly.zip: poi-ooxml-5.2.2.jar,"Improper Input Validation vulnerability in Apache POI. The issue affects the parsing of OOXML format files like xlsx, docx and pptx. These file formats are basically zip files and it is possible for m..."
CVE-2024-38820,MEDIUM,5.3,v3,spring-aop-5.3.39.jar,"The fix for CVE-2022-22968 made disallowedFields patterns in DataBinder case insensitive. However, String.toLowerCase() has some Locale dependent exceptions that could potentially result in fields not..."
CVE-2023-4218,MEDIUM,5.0,v3,eclipse-emf-2.29.27.jar: org.eclipse.emf.ecore-2.15.0.jar,In Eclipse IDE versions < 2023-09 (4.29) some files with xml content are parsed vulnerable against all sorts of XXE attacks. The user just needs to open any evil project or update an open project with...
CVE-2023-4218,MEDIUM,5.0,v3,eclipse-emf-2.29.27.jar: org.eclipse.xsd-2.12.0.jar,In Eclipse IDE versions < 2023-09 (4.29) some files with xml content are parsed vulnerable against all sorts of XXE attacks. The user just needs to open any evil project or update an open project with...
CVE-2023-0264,MEDIUM,5.0,v3,kernel-2.29.27.zip: keycloak-osgi-adapter-18.0.2.jar,"A flaw was found in Keycloaks OpenID Connect user authentication, which may incorrectly authenticate requests. An authenticated attacker who could obtain information from a user request within the sam..."
CVE-2023-0264,MEDIUM,5.0,v3,kernel-2.29.27.zip: keycloak-pax-web-undertow-18.0.2.jar,"A flaw was found in Keycloaks OpenID Connect user authentication, which may incorrectly authenticate requests. An authenticated attacker who could obtain information from a user request within the sam..."
CVE-2023-4218,MEDIUM,5.0,v3,org.eclipse.emf.ecore.xmi-2.15.0.jar,In Eclipse IDE versions < 2023-09 (4.29) some files with xml content are parsed vulnerable against all sorts of XXE attacks. The user just needs to open any evil project or update an open project with...
CVE-2014-3488,MEDIUM,5.0,v2,solr-distro-2.29.27-assembly.zip: grpc-netty-1.65.1.jar,The SslHandler in Netty before 3.9.2 allows remote attackers to cause a denial of service (infinite loop and CPU consumption) via a crafted SSLv2Hello message....
CVE-2023-35116,MEDIUM,4.7,v3,solr-distro-2.29.27-assembly.zip: hadoop-client-runtime-3.4.0.jar (shaded: com.fasterxml.jackson.core:jackson-databind:2.12.7.1),jackson-databind through 2.15.2 allows attackers to cause a denial of service or other unspecified impact via a crafted object that uses cyclic dependencies. NOTE: the vendor's perspective is that thi...
CVE-2024-47554,MEDIUM,4.3,v3,pax-url-aether-2.6.14.jar (shaded: commons-io:commons-io:2.11.0),"Uncontrolled Resource Consumption vulnerability in Apache Commons IO.

The org.apache.commons.io.input.XmlStreamReader class may excessively consume CPU resources when processing maliciously crafted i..."
CVE-2024-8372,MEDIUM,4.3,v3,solr-distro-2.29.27-assembly.zip: angular-cookies.min.js,"Improper sanitization of the value of the 'srcset' attribute in AngularJS allows attackers to bypass common image source restrictions, which can also lead to a form of  Content Spoofing https://owasp...."
CVE-2024-8373,MEDIUM,4.3,v3,solr-distro-2.29.27-assembly.zip: angular-cookies.min.js,"Improper sanitization of the value of the [srcset] attribute in <source> HTML elements in AngularJS allows attackers to bypass common image source restrictions, which can also lead to a form of  Conte..."
CVE-2024-8372,MEDIUM,4.3,v3,solr-distro-2.29.27-assembly.zip: angular-resource.min.js,"Improper sanitization of the value of the 'srcset' attribute in AngularJS allows attackers to bypass common image source restrictions, which can also lead to a form of  Content Spoofing https://owasp...."
CVE-2024-8373,MEDIUM,4.3,v3,solr-distro-2.29.27-assembly.zip: angular-resource.min.js,"Improper sanitization of the value of the [srcset] attribute in <source> HTML elements in AngularJS allows attackers to bypass common image source restrictions, which can also lead to a form of  Conte..."
CVE-2024-8372,MEDIUM,4.3,v3,solr-distro-2.29.27-assembly.zip: angular-route.min.js,"Improper sanitization of the value of the 'srcset' attribute in AngularJS allows attackers to bypass common image source restrictions, which can also lead to a form of  Content Spoofing https://owasp...."
CVE-2024-8373,MEDIUM,4.3,v3,solr-distro-2.29.27-assembly.zip: angular-route.min.js,"Improper sanitization of the value of the [srcset] attribute in <source> HTML elements in AngularJS allows attackers to bypass common image source restrictions, which can also lead to a form of  Conte..."
CVE-2024-8372,MEDIUM,4.3,v3,solr-distro-2.29.27-assembly.zip: angular-sanitize.min.js,"Improper sanitization of the value of the 'srcset' attribute in AngularJS allows attackers to bypass common image source restrictions, which can also lead to a form of  Content Spoofing https://owasp...."
CVE-2024-8373,MEDIUM,4.3,v3,solr-distro-2.29.27-assembly.zip: angular-sanitize.min.js,"Improper sanitization of the value of the [srcset] attribute in <source> HTML elements in AngularJS allows attackers to bypass common image source restrictions, which can also lead to a form of  Conte..."
CVE-2024-8372,MEDIUM,4.3,v3,solr-distro-2.29.27-assembly.zip: angular.min.js,"Improper sanitization of the value of the 'srcset' attribute in AngularJS allows attackers to bypass common image source restrictions, which can also lead to a form of  Content Spoofing https://owasp...."
CVE-2024-8373,MEDIUM,4.3,v3,solr-distro-2.29.27-assembly.zip: angular.min.js,"Improper sanitization of the value of the [srcset] attribute in <source> HTML elements in AngularJS allows attackers to bypass common image source restrictions, which can also lead to a form of  Conte..."
CVE-2025-58457,MEDIUM,4.3,v3,solr-distro-2.29.27-assembly.zip: zookeeper-3.9.3.jar,"Improper permission check in ZooKeeper AdminServer lets authorized clients to run snapshot and restore command with insufficient permissions.

This issue affects Apache ZooKeeper: from 3.9.0 before 3...."
CVE-2020-8908,LOW,3.3,v3,guava-23.0.jar,"A temp directory creation vulnerability exists in all versions of Guava, allowing an attacker with access to the machine to potentially access data in a temporary directory created by the Guava API co..."
CVE-2013-2192,LOW,3.2,v2,solr-distro-2.29.27-assembly.zip: hadoop-client-runtime-3.4.0.jar (shaded: org.apache.hadoop.thirdparty:hadoop-shaded-protobuf_3_21:1.2.0),"The RPC protocol implementation in Apache Hadoop 2.x before 2.0.6-alpha, 0.23.x before 0.23.9, and 1.x before 1.2.1, when the Kerberos security features are enabled, allows man-in-the-middle attackers..."
CVE-2013-2192,LOW,3.2,v2,solr-distro-2.29.27-assembly.zip: hadoop-client-runtime-3.4.0.jar,"The RPC protocol implementation in Apache Hadoop 2.x before 2.0.6-alpha, 0.23.x before 0.23.9, and 1.x before 1.2.1, when the Kerberos security features are enabled, allows man-in-the-middle attackers..."
CVE-2024-6485,UNASSIGNED,0,N/A,components-bootstrap-3.1.1.jar: bootstrap.js,...
Bootstrap before 4.0.0 is end-of-life and no longer maintained.,UNASSIGNED,0,N/A,components-bootstrap-3.1.1.jar: bootstrap.js,Bootstrap before 4.0.0 is end-of-life and no longer maintained....
CVE-2024-6485,UNASSIGNED,0,N/A,components-bootstrap-3.1.1.jar: bootstrap.js,...
Bootstrap before 4.0.0 is end-of-life and no longer maintained.,UNASSIGNED,0,N/A,components-bootstrap-3.1.1.jar: bootstrap.js,Bootstrap before 4.0.0 is end-of-life and no longer maintained....
CVE-2024-6485,UNASSIGNED,0,N/A,components-bootstrap-3.1.1.jar: bootstrap.min.js,...
Bootstrap before 4.0.0 is end-of-life and no longer maintained.,UNASSIGNED,0,N/A,components-bootstrap-3.1.1.jar: bootstrap.min.js,Bootstrap before 4.0.0 is end-of-life and no longer maintained....
CVE-2024-6485,UNASSIGNED,0,N/A,components-bootstrap-3.1.1.jar: bootstrap.min.js,...
Bootstrap before 4.0.0 is end-of-life and no longer maintained.,UNASSIGNED,0,N/A,components-bootstrap-3.1.1.jar: bootstrap.min.js,Bootstrap before 4.0.0 is end-of-life and no longer maintained....
jquery issue: 162,UNASSIGNED,0,N/A,jquery-1.11.0.jar: jquery.js,jQuery 1.x and 2.x are End-of-Life and no longer receiving security updates...
jquery issue: 162,UNASSIGNED,0,N/A,jquery-1.11.0.jar: jquery.min.js,jQuery 1.x and 2.x are End-of-Life and no longer receiving security updates...
CVE-2024-6485,UNASSIGNED,0,N/A,landing-page-2.29.27.jar: bootstrap.min.js,...
Bootstrap before 4.0.0 is end-of-life and no longer maintained.,UNASSIGNED,0,N/A,landing-page-2.29.27.jar: bootstrap.min.js,Bootstrap before 4.0.0 is end-of-life and no longer maintained....
jquery issue: 162,UNASSIGNED,0,N/A,landing-page-2.29.27.jar: jquery-1.10.1.min.js,jQuery 1.x and 2.x are End-of-Life and no longer receiving security updates...
Prototype pollution,UNASSIGNED,0,N/A,simple-2.29.27.jar: handlebars.js,Prototype pollution...
"Versions of `handlebars` prior to 3.0.8 or 4.5.2 are vulnerable to Arbitrary Code Execution. The package's lookup helper fails to properly validate templates, allowing attackers to submit templates that execute arbitrary JavaScript in the system. It can be used to run arbitrary code in a server processing Handlebars templates or on a victim's browser (effectively serving as Cross-Site Scripting).

The following template can be used to demonstrate the vulnerability:  
```{{#with ""constructor""}}
	{{#with split as |a|}}
		{{pop (push ""alert('Vulnerable Handlebars JS');"")}}
		{{#with (concat (lookup join (slice 0 1)))}}
			{{#each (slice 2 3)}}
				{{#with (apply 0 a)}}
					{{.}}
				{{/with}}
			{{/each}}
		{{/with}}
	{{/with}}
{{/with}}```


## Recommendation

Upgrade to version 3.0.8, 4.5.2 or later.",UNASSIGNED,0,N/A,simple-2.29.27.jar: handlebars.js,"Versions of `handlebars` prior to 3.0.8 or 4.5.2 are vulnerable to Arbitrary Code Execution. The package's lookup helper fails to properly validate templates, allowing attackers to submit templates th..."
"Versions of `handlebars` prior to 3.0.8 or 4.5.3 are vulnerable to Arbitrary Code Execution. The package's lookup helper fails to properly validate templates, allowing attackers to submit templates that execute arbitrary JavaScript in the system. It is due to an incomplete fix for a [previous issue](https://www.npmjs.com/advisories/1316). This vulnerability can be used to run arbitrary code in a server processing Handlebars templates or on a victim's browser (effectively serving as Cross-Site Scripting)",UNASSIGNED,0,N/A,simple-2.29.27.jar: handlebars.js,"Versions of `handlebars` prior to 3.0.8 or 4.5.3 are vulnerable to Arbitrary Code Execution. The package's lookup helper fails to properly validate templates, allowing attackers to submit templates th..."
handlebars issue: 1495,UNASSIGNED,0,N/A,simple-2.29.27.jar: handlebars.js,A prototype pollution vulnerability in handlebars is exploitable if an attacker can control the template...
handlebars issue: 1633,UNASSIGNED,0,N/A,simple-2.29.27.jar: handlebars.js,Denial of service...
handlebars issue: 68,UNASSIGNED,0,N/A,simple-2.29.27.jar: handlebars.js,poorly sanitized input passed to eval()...
CVE-2025-2336,UNASSIGNED,0,N/A,solr-distro-2.29.27-assembly.zip: angular-cookies.min.js,...
CVE-2025-4690,UNASSIGNED,0,N/A,solr-distro-2.29.27-assembly.zip: angular-cookies.min.js,...
CVE-2025-0716,UNASSIGNED,0,N/A,solr-distro-2.29.27-assembly.zip: angular-cookies.min.js,...
"End-of-Life: Long term support for AngularJS has been discontinued as of December 31, 2021",UNASSIGNED,0,N/A,solr-distro-2.29.27-assembly.zip: angular-cookies.min.js,"End-of-Life: Long term support for AngularJS has been discontinued as of December 31, 2021..."
CVE-2025-2336,UNASSIGNED,0,N/A,solr-distro-2.29.27-assembly.zip: angular-resource.min.js,...
CVE-2025-4690,UNASSIGNED,0,N/A,solr-distro-2.29.27-assembly.zip: angular-resource.min.js,...
CVE-2025-0716,UNASSIGNED,0,N/A,solr-distro-2.29.27-assembly.zip: angular-resource.min.js,...
"End-of-Life: Long term support for AngularJS has been discontinued as of December 31, 2021",UNASSIGNED,0,N/A,solr-distro-2.29.27-assembly.zip: angular-resource.min.js,"End-of-Life: Long term support for AngularJS has been discontinued as of December 31, 2021..."
CVE-2025-2336,UNASSIGNED,0,N/A,solr-distro-2.29.27-assembly.zip: angular-route.min.js,...
CVE-2025-4690,UNASSIGNED,0,N/A,solr-distro-2.29.27-assembly.zip: angular-route.min.js,...
CVE-2025-0716,UNASSIGNED,0,N/A,solr-distro-2.29.27-assembly.zip: angular-route.min.js,...
"End-of-Life: Long term support for AngularJS has been discontinued as of December 31, 2021",UNASSIGNED,0,N/A,solr-distro-2.29.27-assembly.zip: angular-route.min.js,"End-of-Life: Long term support for AngularJS has been discontinued as of December 31, 2021..."
CVE-2025-2336,UNASSIGNED,0,N/A,solr-distro-2.29.27-assembly.zip: angular-sanitize.min.js,...
CVE-2025-4690,UNASSIGNED,0,N/A,solr-distro-2.29.27-assembly.zip: angular-sanitize.min.js,...
CVE-2025-0716,UNASSIGNED,0,N/A,solr-distro-2.29.27-assembly.zip: angular-sanitize.min.js,...
"End-of-Life: Long term support for AngularJS has been discontinued as of December 31, 2021",UNASSIGNED,0,N/A,solr-distro-2.29.27-assembly.zip: angular-sanitize.min.js,"End-of-Life: Long term support for AngularJS has been discontinued as of December 31, 2021..."
CVE-2025-2336,UNASSIGNED,0,N/A,solr-distro-2.29.27-assembly.zip: angular.min.js,...
CVE-2025-4690,UNASSIGNED,0,N/A,solr-distro-2.29.27-assembly.zip: angular.min.js,...
CVE-2025-0716,UNASSIGNED,0,N/A,solr-distro-2.29.27-assembly.zip: angular.min.js,...
"End-of-Life: Long term support for AngularJS has been discontinued as of December 31, 2021",UNASSIGNED,0,N/A,solr-distro-2.29.27-assembly.zip: angular.min.js,"End-of-Life: Long term support for AngularJS has been discontinued as of December 31, 2021..."
